"number","ja","en","de","fr","ko","zh-cn","zh-tw"
"001","フシギダネ","bulbasaur","bisasam","bulbizarre","이상해씨","妙蛙种子","妙蛙種子"
"002","フシギソウ","ivysaur","bisaknosp","herbizarre","이상해풀","妙蛙草","妙蛙草"
"003","フシギバナ","venusaur","bisaflor","florizarre","이상해꽃","妙蛙花","妙蛙花"
"004","ヒトカゲ","charmander","glumanda","salameche","파이리","小火龙","小火龍"
"005","リザード","charmeleon","glutexo","reptincel","리자드","火恐龙","火恐龍"
"006","リザードン","charizard","glurak","dracaufeu","리자몽","喷火龙","噴火龍"
"007","ゼニガメ","squirtle","schiggy","carapuce","꼬부기","杰尼龟","傑尼龜"
"008","カメール","wartortle","schillok","carabaffe","어니부기","卡咪龟","卡咪龜"
"009","カメックス","blastoise","turtok","tortank","거북왕","水箭龟","水箭龜"
"010","キャタピー","caterpie","raupy","chenipan","캐터피","绿毛虫","綠毛蟲"
"011","トランセル","metapod","safcon","chrysacier","단데기","铁甲蛹","鐵甲蛹"
"012","バタフリー","butterfree","smettbo","papilusion","버터플","巴大蝶","巴大蝶"
"013","ビードル","weedle","hornliu","aspicot","뿔충이","独角虫","獨角蟲"
"014","コクーン","kakuna","kokuna","coconfort","딱충이","铁壳蛹","鐵殼蛹"
"015","スピアー","beedrill","bibor","dardagnan","독침붕","大针蜂","大針蜂"
"016","ポッポ","pidgey","taubsi","roucool","구구","波波","波波"
"017","ピジョン","pidgeotto","tauboga","roucoups","피죤","比比鸟","比比鳥"
"018","ピジョット","pidgeot","tauboss","roucarnage","피죤투","大比鸟","大比鳥"
"019","コラッタ","rattata","rattfratz","rattata","꼬렛","小拉达","小拉達"
"020","ラッタ","raticate","rattikarl","rattatac","레트라","拉达","拉達"
"021","オニスズメ","spearow","habitak","piafabec","깨비참","烈雀","烈雀"
"022","オニドリル","fearow","ibitak","rapasdepic","깨비드릴조","大嘴雀","大嘴雀"
"023","アーボ","ekans","rettan","abo","아보","阿柏蛇","阿柏蛇"
"024","アーボック","arbok","arbok","arbok","아보크","阿柏怪","阿柏怪"
"025","ピカチュウ","pikachu","pikachu","pikachu","피카츄","皮卡丘","皮卡丘"
"026","ライチュウ","raichu","raichu","raichu","라이츄","雷丘","雷丘"
"027","サンド","sandshrew","sandan","sabelette","모래두지","穿山鼠","穿山鼠"
"028","サンドパン","sandslash","sandamer","sablaireau","고지","穿山王","穿山王"
"029","ニドラン♀","nidoran♀","nidoran♀","nidoran♀","니드런♀","尼多兰","尼多蘭"
"030","ニドリーナ","nidorina","nidorina","nidorina","니드리나","尼多娜","尼多娜"
"031","ニドクイン","nidoqueen","nidoqueen","nidoqueen","니드퀸","尼多后","尼多后"
"032","ニドラン♂","nidoran♂","nidoran♂","nidoran♂","니드런♂","尼多朗","尼多朗"
"033","ニドリーノ","nidorino","nidorino","nidorino","니드리노","尼多力诺","尼多力諾"
"034","ニドキング","nidoking","nidoking","nidoking","니드킹","尼多王","尼多王"
"035","ピッピ","clefairy","piepi","melofee","삐삐","皮皮","皮皮"
"036","ピクシー","clefable","pixi","melodelfe","픽시","皮可西","皮可西"
"037","ロコン","vulpix","vulpix","goupix","식스테일","六尾","六尾"
"038","キュウコン","ninetales","vulnona","feunard","나인테일","九尾","九尾"
"039","プリン","jigglypuff","pummeluff","rondoudou","푸린","胖丁","胖丁"
"040","プクリン","wigglytuff","knuddeluff","grodoudou","푸크린","胖可丁","胖可丁"
"041","ズバット","zubat","zubat","nosferapti","주뱃","超音蝠","超音蝠"
"042","ゴルバット","golbat","golbat","nosferalto","골뱃","大嘴蝠","大嘴蝠"
"043","ナゾノクサ","oddish","myrapla","mystherbe","뚜벅쵸","走路草","走路草"
"044","クサイハナ","gloom","duflor","ortide","냄새꼬","臭臭花","臭臭花"
"045","ラフレシア","vileplume","giflor","rafflesia","라플레시아","霸王花","霸王花"
"046","パラス","paras","paras","paras","파라스","派拉斯","派拉斯"
"047","パラセクト","parasect","parasek","parasect","파라섹트","派拉斯特","派拉斯特"
"048","コンパン","venonat","bluzuk","mimitoss","콘팡","毛球","毛球"
"049","モルフォン","venomoth","omot","aeromite","도나리","摩鲁蛾","摩魯蛾"
"050","ディグダ","diglett","digda","taupiqueur","디그다","地鼠","地鼠"
"051","ダグトリオ","dugtrio","digdri","triopikeur","닥트리오","三地鼠","三地鼠"
"052","ニャース","meowth","mauzi","miaouss","나옹","喵喵","喵喵"
"053","ペルシアン","persian","snobilikat","persian","페르시온","猫老大","貓老大"
"054","コダック","psyduck","enton","psykokwak","고라파덕","可达鸭","可達鴨"
"055","ゴルダック","golduck","entoron","akwakwak","골덕","哥达鸭","哥達鴨"
"056","マンキー","mankey","menki","ferosinge","망키","猴怪","猴怪"
"057","オコリザル","primeape","rasaff","colossinge","성원숭","火暴猴","火爆猴"
"058","ガーディ","growlithe","fukano","caninos","가디","卡蒂狗","卡蒂狗"
"059","ウインディ","arcanine","arkani","arcanin","윈디","风速狗","風速狗"
"060","ニョロモ","poliwag","quapsel","ptitard","발챙이","蚊香蝌蚪","蚊香蝌蚪"
"061","ニョロゾ","poliwhirl","quaputzi","tetarte","수륙챙이","蚊香君","蚊香君"
"062","ニョロボン","poliwrath","quappo","tartard","강챙이","蚊香泳士","蚊香泳士"
"063","ケーシィ","abra","abra","abra","캐이시","凯西","凱西"
"064","ユンゲラー","kadabra","kadabra","kadabra","윤겔라","勇基拉","勇基拉"
"065","フーディン","alakazam","simsala","alakazam","후딘","胡地","胡地"
"066","ワンリキー","machop","machollo","machoc","알통몬","腕力","腕力"
"067","ゴーリキー","machoke","maschock","machopeur","근육몬","豪力","豪力"
"068","カイリキー","machamp","machomei","mackogneur","괴력몬","怪力","怪力"
"069","マダツボミ","bellsprout","knofensa","chetiflor","모다피","喇叭芽","喇叭芽"
"070","ウツドン","weepinbell","ultrigaria","boustiflor","우츠동","口呆花","口呆花"
"071","ウツボット","victreebel","sarzenia","empiflor","우츠보트","大食花","大食花"
"072","メノクラゲ","tentacool","tentacha","tentacool","왕눈해","玛瑙水母","瑪瑙水母"
"073","ドククラゲ","tentacruel","tentoxa","tentacruel","독파리","毒刺水母","毒刺水母"
"074","イシツブテ","geodude","kleinstein","racaillou","꼬마돌","小拳石","小拳石"
"075","ゴローン","graveler","georok","gravalanch","데구리","隆隆石","隆隆石"
"076","ゴローニャ","golem","geowaz","grolem","딱구리","隆隆岩","隆隆岩"
"077","ポニータ","ponyta","ponita","ponyta","포니타","小火马","小火馬"
"078","ギャロップ","rapidash","gallopa","galopa","날쌩마","烈焰马","烈焰馬"
"079","ヤドン","slowpoke","flegmon","ramoloss","야돈","呆呆兽","呆呆獸"
"080","ヤドラン","slowbro","lahmus","flagadoss","야도란","呆壳兽","呆殼獸"
"081","コイル","magnemite","magnetilo","magneti","코일","小磁怪","小磁怪"
"082","レアコイル","magneton","magneton","magneton","레어코일","三合一磁怪","三合一磁怪"
"083","カモネギ","farfetch'd","porenta","canarticho","파오리","大葱鸭","大蔥鴨"
"084","ドードー","doduo","dodu","doduo","두두","嘟嘟","嘟嘟"
"085","ドードリオ","dodrio","dodri","dodrio","두트리오","嘟嘟利","嘟嘟利"
"086","パウワウ","seel","jurob","otaria","쥬쥬","小海狮","小海獅"
"087","ジュゴン","dewgong","jugong","lamantine","쥬레곤","白海狮","白海獅"
"088","ベトベター","grimer","sleima","tadmorv","질퍽이","臭泥","臭泥"
"089","ベトベトン","muk","sleimok","grotadmorv","질뻐기","臭臭泥","臭臭泥"
"090","シェルダー","shellder","muschas","kokiyas","셀러","大舌贝","大舌貝"
"091","パルシェン","cloyster","austos","crustabri","파르셀","刺甲贝","刺甲貝"
"092","ゴース","gastly","nebulak","fantominus","고오스","鬼斯","鬼斯"
"093","ゴースト","haunter","alpollo","spectrum","고우스트","鬼斯通","鬼斯通"
"094","ゲンガー","gengar","gengar","ectoplasma","팬텀","耿鬼","耿鬼"
"095","イワーク","onix","onix","onix","롱스톤","大岩蛇","大岩蛇"
"096","スリープ","drowzee","traumato","soporifik","슬리프","催眠貘","催眠貘"
"097","スリーパー","hypno","hypno","hypnomade","슬리퍼","引梦貘人","引夢貘人"
"098","クラブ","krabby","krabby","krabby","크랩","大钳蟹","大鉗蟹"
"099","キングラー","kingler","kingler","krabboss","킹크랩","巨钳蟹","巨鉗蟹"
"100","ビリリダマ","voltorb","voltobal","voltorbe","찌리리공","霹雳电球","霹靂電球"
"101","マルマイン","electrode","lektrobal","electrode","붐볼","顽皮雷弹","頑皮雷彈"
"102","タマタマ","exeggcute","owei","noeunoeuf","아라리","蛋蛋","蛋蛋"
"103","ナッシー","exeggutor","kokowei","noadkoko","나시","椰蛋树","椰蛋樹"
"104","カラカラ","cubone","tragosso","osselait","탕구리","卡拉卡拉","卡拉卡拉"
"105","ガラガラ","marowak","knogga","ossatueur","텅구리","嘎啦嘎啦","嘎啦嘎啦"
"106","サワムラー","hitmonlee","kicklee","kicklee","시라소몬","飞腿郎","飛腿郎"
"107","エビワラー","hitmonchan","nockchan","tygnon","홍수몬","快拳郎","快拳郎"
"108","ベロリンガ","lickitung","schlurp","excelangue","내루미","大舌头","大舌頭"
"109","ドガース","koffing","smogon","smogo","또가스","瓦斯弹","瓦斯彈"
"110","マタドガス","weezing","smogmog","smogogo","또도가스","双弹瓦斯","雙彈瓦斯"
"111","サイホーン","rhyhorn","rihorn","rhinocorne","뿔카노","独角犀牛","獨角犀牛"
"112","サイドン","rhydon","rizeros","rhinoferos","코뿌리","钻角犀兽","鑽角犀獸"
"113","ラッキー","chansey","chaneira","leveinard","럭키","吉利蛋","吉利蛋"
"114","モンジャラ","tangela","tangela","saquedeneu","덩구리","蔓藤怪","蔓藤怪"
"115","ガルーラ","kangaskhan","kangama","kangourex","캥카","袋兽","袋獸"
"116","タッツー","horsea","seeper","hypotrempe","쏘드라","墨海马","墨海馬"
"117","シードラ","seadra","seemon","hypocean","시드라","海刺龙","海刺龍"
"118","トサキント","goldeen","goldini","poissirene","콘치","角金鱼","角金魚"
"119","アズマオウ","seaking","golking","poissoroy","왕콘치","金鱼王","金魚王"
"120","ヒトデマン","staryu","sterndu","stari","별가사리","海星星","海星星"
"121","スターミー","starmie","starmie","staross","아쿠스타","宝石海星","寶石海星"
"122","バリヤード","mr. mime","pantimos","m.mime","마임맨","魔墙人偶","魔牆人偶"
"123","ストライク","scyther","sichlor","insecateur","스라크","飞天螳螂","飛天螳螂"
"124","ルージュラ","jynx","rossana","lippoutou","루주라","迷唇姐","迷唇姐"
"125","エレブー","electabuzz","elektek","elektek","에레브","电击兽","電擊獸"
"126","ブーバー","magmar","magmar","magmar","마그마","鸭嘴火兽","鴨嘴火獸"
"127","カイロス","pinsir","pinsir","scarabrute","쁘사이저","凯罗斯","凱羅斯"
"128","ケンタロス","tauros","tauros","tauros","켄타로스","肯泰罗","肯泰羅"
"129","コイキング","magikarp","karpador","magicarpe","잉어킹","鲤鱼王","鯉魚王"
"130","ギャラドス","gyarados","garados","leviator","갸라도스","暴鲤龙","暴鯉龍"
"131","ラプラス","lapras","lapras","lokhlass","라프라스","拉普拉斯","拉普拉斯"
"132","メタモン","ditto","ditto","metamorph","메타몽","百变怪","百變怪"
"133","イーブイ","eevee","evoli","evoli","이브이","伊布","伊布"
"134","シャワーズ","vaporeon","aquana","aquali","샤미드","水伊布","水伊布"
"135","サンダース","jolteon","blitza","voltali","쥬피썬더","雷伊布","雷伊布"
"136","ブースター","flareon","flamara","pyroli","부스터","火伊布","火伊布"
"137","ポリゴン","porygon","porygon","porygon","폴리곤","多边兽","多邊獸"
"138","オムナイト","omanyte","amonitas","amonita","암나이트","菊石兽","菊石獸"
"139","オムスター","omastar","amoroso","amonistar","암스타","多刺菊石兽","多刺菊石獸"
"140","カブト","kabuto","kabuto","kabuto","투구","化石盔","化石盔"
"141","カブトプス","kabutops","kabutops","kabutops","투구푸스","镰刀盔","鐮刀盔"
"142","プテラ","aerodactyl","aerodactyl","ptera","프테라","化石翼龙","化石翼龍"
"143","カビゴン","snorlax","relaxo","ronflex","잠만보","卡比兽","卡比獸"
"144","フリーザー","articuno","arktos","artikodin","프리져","急冻鸟","急凍鳥"
"145","サンダー","zapdos","zapdos","electhor","썬더","闪电鸟","閃電鳥"
"146","ファイヤー","moltres","lavados","sulfura","파이어","火焰鸟","火焰鳥"
"147","ミニリュウ","dratini","dratini","minidraco","미뇽","迷你龙","迷你龍"
"148","ハクリュー","dragonair","dragonir","draco","신뇽","哈克龙","哈克龍"
"149","カイリュー","dragonite","dragoran","dracolosse","망나뇽","快龙","快龍"
"150","ミュウツー","mewtwo","mewtu","mewtwo","뮤츠","超梦","超夢"
"151","ミュウ","mew","mew","mew","뮤","梦幻","夢幻"
"152","チコリータ","chikorita","endivie","germignon","치코리타","菊草叶","菊草葉"
"153","ベイリーフ","bayleef","lorblatt","macronium","베이리프","月桂叶","月桂葉"
"154","メガニウム","meganium","meganie","meganium","메가니움","大竺葵","大竺葵"
"155","ヒノアラシ","cyndaquil","feurigel","hericendre","브케인","火球鼠","火球鼠"
"156","マグマラシ","quilava","igelavar","feurisson","마그케인","火岩鼠","火岩鼠"
"157","バクフーン","typhlosion","tornupto","typhlosion","블레이범","火暴兽","火爆獸"
"158","ワニノコ","totodile","karnimani","kaiminus","리아코","小锯鳄","小鋸鱷"
"159","アリゲイツ","croconaw","tyracroc","crocrodil","엘리게이","蓝鳄","藍鱷"
"160","オーダイル","feraligatr","impergator","aligatueur","장크로다일","大力鳄","大力鱷"
"161","オタチ","sentret","wiesor","fouinette","꼬리선","尾立","尾立"
"162","オオタチ","furret","wiesenior","fouinar","다꼬리","大尾立","大尾立"
"163","ホーホー","hoothoot","hoothoot","hoothoot","부우부","咕咕","咕咕"
"164","ヨルノズク","noctowl","noctuh","noarfang","야부엉","猫头夜鹰","貓頭夜鷹"
"165","レディバ","ledyba","ledyba","coxy","레디바","芭瓢虫","芭瓢蟲"
"166","レディアン","ledian","ledian","coxyclaque","레디안","安瓢虫","安瓢蟲"
"167","イトマル","spinarak","webarak","mimigal","페이검","圆丝蛛","圓絲蛛"
"168","アリアドス","ariados","ariados","migalos","아리아도스","阿利多斯","阿利多斯"
"169","クロバット","crobat","iksbat","nostenfer","크로뱃","叉字蝠","叉字蝠"
"170","チョンチー","chinchou","lampi","loupio","초라기","灯笼鱼","燈籠魚"
"171","ランターン","lanturn","lanturn","lanturn","랜턴","电灯怪","電燈怪"
"172","ピチュー","pichu","pichu","pichu","피츄","皮丘","皮丘"
"173","ピィ","cleffa","pii","melo","삐","皮宝宝","皮寶寶"
"174","ププリン","igglybuff","fluffeluff","toudoudou","푸푸린","宝宝丁","寶寶丁"
"175","トゲピー","togepi","togepi","togepi","토게피","波克比","波克比"
"176","トゲチック","togetic","togetic","togetic","토게틱","波克基古","波克基古"
"177","ネイティ","natu","natu","natu","네이티","天然雀","天然雀"
"178","ネイティオ","xatu","xatu","xatu","네이티오","天然鸟","天然鳥"
"179","メリープ","mareep","voltilamm","wattouat","메리프","咩利羊","咩利羊"
"180","モココ","flaaffy","waaty","lainergie","보송송","茸茸羊","茸茸羊"
"181","デンリュウ","ampharos","ampharos","pharamp","전룡","电龙","電龍"
"182","キレイハナ","bellossom","blubella","joliflor","아르코","美丽花","美麗花"
"183","マリル","marill","marill","marill","마릴","玛力露","瑪力露"
"184","マリルリ","azumarill","azumarill","azumarill","마릴리","玛力露丽","瑪力露麗"
"185","ウソッキー","sudowoodo","mogelbaum","simularbre","꼬지모","树才怪","樹才怪"
"186","ニョロトノ","politoed","quaxo","tarpaud","왕구리","蚊香蛙皇","蚊香蛙皇"
"187","ハネッコ","hoppip","hoppspross","granivol","통통코","毽子草","毽子草"
"188","ポポッコ","skiploom","hubelupf","floravol","두코","毽子花","毽子花"
"189","ワタッコ","jumpluff","papungha","cotovol","솜솜코","毽子棉","毽子棉"
"190","エイパム","aipom","griffel","capumain","에이팜","长尾怪手","長尾怪手"
"191","ヒマナッツ","sunkern","sonnkern","tournegrin","해너츠","向日种子","向日種子"
"192","キマワリ","sunflora","sonnflora","heliatronc","해루미","向日花怪","向日花怪"
"193","ヤンヤンマ","yanma","yanma","yanma","왕자리","蜻蜻蜓","蜻蜻蜓"
"194","ウパー","wooper","felino","axoloto","우파","乌波","烏波"
"195","ヌオー","quagsire","morlord","maraiste","누오","沼王","沼王"
"196","エーフィ","espeon","psiana","mentali","에브이","太阳伊布","太陽伊布"
"197","ブラッキー","umbreon","nachtara","noctali","블래키","月亮伊布","月亮伊布"
"198","ヤミカラス","murkrow","kramurx","cornebre","니로우","黑暗鸦","黑暗鴉"
"199","ヤドキング","slowking","laschoking","roigada","야도킹","呆呆王","呆呆王"
"200","ムウマ","misdreavus","traunfugil","feuforeve","무우마","梦妖","夢妖"
"201","アンノーン","unown","icognito","zarbi","안농","未知图腾","未知圖騰"
"202","ソーナンス","wobbuffet","woingenau","qulbutoke","마자용","果然翁","果然翁"
"203","キリンリキ","girafarig","girafarig","girafarig","키링키","麒麟奇","麒麟奇"
"204","クヌギダマ","pineco","tannza","pomdepic","피콘","榛果球","榛果球"
"205","フォレトス","forretress","forstellka","foretress","쏘콘","佛烈托斯","佛烈托斯"
"206","ノコッチ","dunsparce","dummisel","insolourdo","노고치","土龙弟弟","土龍弟弟"
"207","グライガー","gligar","skorgla","scorplane","글라이거","天蝎","天蠍"
"208","ハガネール","steelix","stahlos","steelix","강철톤","大钢蛇","大鋼蛇"
"209","ブルー","snubbull","snubbull","snubbull","블루","布鲁","布魯"
"210","グランブル","granbull","granbull","granbull","그랑블루","布鲁皇","布魯皇"
"211","ハリーセン","qwilfish","baldorfish","qwilfish","침바루","千针鱼","千針魚"
"212","ハッサム","scizor","scherox","cizayox","핫삼","巨钳螳螂","巨鉗螳螂"
"213","ツボツボ","shuckle","pottrott","caratroc","단단지","壶壶","壺壺"
"214","ヘラクロス","heracross","skaraborn","scarhino","헤라크로스","赫拉克罗斯","赫拉克羅斯"
"215","ニューラ","sneasel","sniebel","farfuret","포푸니","狃拉","狃拉"
"216","ヒメグマ","teddiursa","teddiursa","teddiursa","깜지곰","熊宝宝","熊寶寶"
"217","リングマ","ursaring","ursaring","ursaring","링곰","圈圈熊","圈圈熊"
"218","マグマッグ","slugma","schneckmag","limagma","마그마그","熔岩虫","熔岩蟲"
"219","マグカルゴ","magcargo","magcargo","volcaropod","마그카르고","熔岩蜗牛","熔岩蝸牛"
"220","ウリムー","swinub","quiekel","marcacrin","꾸꾸리","小山猪","小山豬"
"221","イノムー","piloswine","keifel","cochignon","메꾸리","长毛猪","長毛豬"
"222","サニーゴ","corsola","corasonn","corayon","코산호","太阳珊瑚","太陽珊瑚"
"223","テッポウオ","remoraid","remoraid","remoraid","총어","铁炮鱼","鐵炮魚"
"224","オクタン","octillery","octillery","octillery","대포무노","章鱼桶","章魚桶"
"225","デリバード","delibird","botogel","cadoizo","딜리버드","信使鸟","信使鳥"
"226","マンタイン","mantine","mantax","demanta","만타인","巨翅飞鱼","巨翅飛魚"
"227","エアームド","skarmory","panzaeron","airmure","무장조","盔甲鸟","盔甲鳥"
"228","デルビル","houndour","hunduster","malosse","델빌","戴鲁比","戴魯比"
"229","ヘルガー","houndoom","hundemon","demolosse","헬가","黑鲁加","黑魯加"
"230","キングドラ","kingdra","seedraking","hyporoi","킹드라","刺龙王","刺龍王"
"231","ゴマゾウ","phanpy","phanpy","phanpy","코코리","小小象","小小象"
"232","ドンファン","donphan","donphan","donphan","코리갑","顿甲","頓甲"
"233","ポリゴン2","porygon2","porygon2","porygon2","폴리곤2","多边兽2型","多邊獸ii"
"234","オドシシ","stantler","damhirplex","cerfrousse","노라키","惊角鹿","驚角鹿"
"235","ドーブル","smeargle","farbeagle","queulorior","루브도","图图犬","圖圖犬"
"236","バルキー","tyrogue","rabauz","debugant","배루키","无畏小子","無畏小子"
"237","カポエラー","hitmontop","kapoera","kapoera","카포에라","战舞郎","戰舞郎"
"238","ムチュール","smoochum","kussilla","lippouti","뽀뽀라","迷唇娃","迷唇娃"
"239","エレキッド","elekid","elekid","elekid","에레키드","电击怪","電擊怪"
"240","ブビィ","magby","magby","magby","마그비","鸭嘴宝宝","鴨嘴寶寶"
"241","ミルタンク","miltank","miltank","ecremeuh","밀탱크","大奶罐","大奶罐"
"242","ハピナス","blissey","heiteira","leuphorie","해피나스","幸福蛋","幸福蛋"
"243","ライコウ","raikou","raikou","raikou","라이코","雷公","雷公"
"244","エンテイ","entei","entei","entei","앤테이","炎帝","炎帝"
"245","スイクン","suicune","suicune","suicune","스이쿤","水君","水君"
"246","ヨーギラス","larvitar","larvitar","embrylex","애버라스","幼基拉斯","幼基拉斯"
"247","サナギラス","pupitar","pupitar","ymphect","데기라스","沙基拉斯","沙基拉斯"
"248","バンギラス","tyranitar","despotar","tyranocif","마기라스","班基拉斯","班基拉斯"
"249","ルギア","lugia","lugia","lugia","루기아","洛奇亚","洛奇亞"
"250","ホウオウ","ho-oh","ho-oh","ho-oh","칠색조","凤王","鳳王"
"251","セレビィ","celebi","celebi","celebi","세레비","时拉比","時拉比"
"252","キモリ","treecko","geckarbor","arcko","나무지기","木守宫","木守宮"
"253","ジュプトル","grovyle","reptain","massko","나무돌이","森林蜥蜴","森林蜥蜴"
"254","ジュカイン","sceptile","gewaldro","jungko","나무킹","蜥蜴王","蜥蜴王"
"255","アチャモ","torchic","flemmli","poussifeu","아차모","火稚鸡","火稚雞"
"256","ワカシャモ","combusken","jungglut","galifeu","영치코","力壮鸡","力壯雞"
"257","バシャーモ","blaziken","lohgock","brasegali","번치코","火焰鸡","火焰雞"
"258","ミズゴロウ","mudkip","hydropi","gobou","물짱이","水跃鱼","水躍魚"
"259","ヌマクロー","marshtomp","moorabbel","flobio","늪짱이","沼跃鱼","沼躍魚"
"260","ラグラージ","swampert","sumpex","laggron","대짱이","巨沼怪","巨沼怪"
"261","ポチエナ","poochyena","fiffyen","medhyena","포챠나","土狼犬","土狼犬"
"262","グラエナ","mightyena","magnayen","grahyena","그라에나","大狼犬","大狼犬"
"263","ジグザグマ","zigzagoon","zigzachs","zigzaton","지그제구리","蛇纹熊","蛇紋熊"
"264","マッスグマ","linoone","geradaks","lineon","직구리","直冲熊","直衝熊"
"265","ケムッソ","wurmple","waumpel","chenipotte","개무소","刺尾虫","刺尾蟲"
"266","カラサリス","silcoon","schaloko","armulys","실쿤","甲壳茧","甲殼繭"
"267","アゲハント","beautifly","papinella","charmillon","뷰티플라이","狩猎凤蝶","狩獵鳳蝶"
"268","マユルド","cascoon","panekon","blindalys","카스쿤","盾甲茧","盾甲繭"
"269","ドクケイル","dustox","pudox","papinox","독케일","毒粉蛾","毒粉蛾"
"270","ハスボー","lotad","loturzel","nenupiot","연꽃몬","莲叶童子","蓮葉童子"
"271","ハスブレロ","lombre","lombrero","lombre","로토스","莲帽小童","蓮帽小童"
"272","ルンパッパ","ludicolo","kappalores","ludicolo","로파파","乐天河童","樂天河童"
"273","タネボー","seedot","samurzel","grainipiot","도토링","橡实果","橡實果"
"274","コノハナ","nuzleaf","blanas","pifeuil","잎새코","长鼻叶","長鼻葉"
"275","ダーテング","shiftry","tengulist","tengalice","다탱구","狡猾天狗","狡猾天狗"
"276","スバメ","taillow","schwalbini","nirondelle","테일로","傲骨燕","傲骨燕"
"277","オオスバメ","swellow","schwalboss","heledelle","스왈로","大王燕","大王燕"
"278","キャモメ","wingull","wingull","goelise","갈모매","长翅鸥","長翅鷗"
"279","ペリッパー","pelipper","pelipper","bekipan","패리퍼","大嘴鸥","大嘴鷗"
"280","ラルトス","ralts","trasla","tarsal","랄토스","拉鲁拉丝","拉魯拉絲"
"281","キルリア","kirlia","kirlia","kirlia","킬리아","奇鲁莉安","奇魯莉安"
"282","サーナイト","gardevoir","guardevoir","gardevoir","가디안","沙奈朵","沙奈朵"
"283","アメタマ","surskit","gehweiher","arakdo","비구술","溜溜糖球","溜溜糖球"
"284","アメモース","masquerain","maskeregen","maskadra","비나방","雨翅蛾","雨翅蛾"
"285","キノココ","shroomish","knilz","balignon","버섯꼬","蘑蘑菇","蘑蘑菇"
"286","キノガッサ","breloom","kapilz","chapignon","버섯모","斗笠菇","斗笠菇"
"287","ナマケロ","slakoth","bummelz","parecool","게을로","懒人獭","懶人獺"
"288","ヤルキモノ","vigoroth","muntier","vigoroth","발바로","过动猿","過動猿"
"289","ケッキング","slaking","letarking","monaflemit","게을킹","请假王","請假王"
"290","ツチニン","nincada","nincada","ningale","토중몬","土居忍士","土居忍士"
"291","テッカニン","ninjask","ninjask","ninjask","아이스크","铁面忍者","鐵面忍者"
"292","ヌケニン","shedinja","ninjatom","munja","껍질몬","脱壳忍者","脫殼忍者"
"293","ゴニョニョ","whismur","flurmel","chuchmur","소곤룡","咕妞妞","咕妞妞"
"294","ドゴーム","loudred","krakeelo","ramboum","노공룡","吼爆弹","吼爆彈"
"295","バクオング","exploud","krawumms","brouhabam","폭음룡","爆音怪","爆音怪"
"296","マクノシタ","makuhita","makuhita","makuhita","마크탕","幕下力士","幕下力士"
"297","ハリテヤマ","hariyama","hariyama","hariyama","하리뭉","铁掌力士","鐵掌力士"
"298","ルリリ","azurill","azurill","azurill","루리리","露力丽","露力麗"
"299","ノズパス","nosepass","nasgnet","tarinor","코코파스","朝北鼻","朝北鼻"
"300","エネコ","skitty","eneco","skitty","에나비","向尾喵","向尾喵"
"301","エネコロロ","delcatty","enekoro","delcatty","델케티","优雅猫","優雅貓"
"302","ヤミラミ","sableye","zobiris","tenefix","깜까미","勾魂眼","勾魂眼"
"303","クチート","mawile","flunkifer","mysdibule","입치트","大嘴娃","大嘴娃"
"304","ココドラ","aron","stollunior","galekid","가보리","可可多拉","可可多拉"
"305","コドラ","lairon","stollrak","galegon","갱도라","可多拉","可多拉"
"306","ボスゴドラ","aggron","stolloss","galeking","보스로라","波士可多拉","波士可多拉"
"307","アサナン","meditite","meditie","meditikka","요가랑","玛沙那","瑪沙那"
"308","チャーレム","medicham","meditalis","charmina","요가램","恰雷姆","恰雷姆"
"309","ラクライ","electrike","frizelbliz","dynavolt","썬더라이","落雷兽","落雷獸"
"310","ライボルト","manectric","voltenso","elecsprint","썬더볼트","雷电兽","雷電獸"
"311","プラスル","plusle","plusle","posipi","플러시","正电拍拍","正電拍拍"
"312","マイナン","minun","minun","negapi","마이농","负电拍拍","負電拍拍"
"313","バルビート","volbeat","volbeat","muciole","볼비트","电萤虫","電螢蟲"
"314","イルミーゼ","illumise","illumise","lumivole","네오비트","甜甜萤","甜甜螢"
"315","ロゼリア","roselia","roselia","roselia","로젤리아","毒蔷薇","毒薔薇"
"316","ゴクリン","gulpin","schluppuck","gloupti","꼴깍몬","溶食兽","溶食獸"
"317","マルノーム","swalot","schlukwech","avaltout","꿀꺽몬","吞食兽","吞食獸"
"318","キバニア","carvanha","kanivanha","carvanha","샤프니아","利牙鱼","利牙魚"
"319","サメハダー","sharpedo","tohaido","sharpedo","샤크니아","巨牙鲨","巨牙鯊"
"320","ホエルコ","wailmer","wailmer","wailmer","고래왕자","吼吼鲸","吼吼鯨"
"321","ホエルオー","wailord","wailord","wailord","고래왕","吼鲸王","吼鯨王"
"322","ドンメル","numel","camaub","chamallot","둔타","呆火驼","呆火駝"
"323","バクーダ","camerupt","camerupt","camerupt","폭타","喷火驼","噴火駝"
"324","コータス","torkoal","qurtel","chartor","코터스","煤炭龟","煤炭龜"
"325","バネブー","spoink","spoink","spoink","피그점프","跳跳猪","跳跳豬"
"326","ブーピッグ","grumpig","groink","groret","피그킹","噗噗猪","噗噗豬"
"327","パッチール","spinda","pandir","spinda","얼루기","晃晃斑","晃晃斑"
"328","ナックラー","trapinch","knacklion","kraknoix","톱치","大颚蚁","大顎蟻"
"329","ビブラーバ","vibrava","vibrava","vibraninf","비브라바","超音波幼虫","超音波幼蟲"
"330","フライゴン","flygon","libelldra","libegon","플라이곤","沙漠蜻蜓","沙漠蜻蜓"
"331","サボネア","cacnea","tuska","cacnea","선인왕","刺球仙人掌","刺球仙人掌"
"332","ノクタス","cacturne","noktuska","cacturne","밤선인","梦歌仙人掌","夢歌仙人掌"
"333","チルット","swablu","wablu","tylton","파비코","青绵鸟","青綿鳥"
"334","チルタリス","altaria","altaria","altaria","파비코리","七夕青鸟","七夕青鳥"
"335","ザングース","zangoose","sengo","mangriff","쟝고","猫鼬斩","貓鼬斬"
"336","ハブネーク","seviper","vipitis","seviper","세비퍼","饭匙蛇","飯匙蛇"
"337","ルナトーン","lunatone","lunastein","seleroc","루나톤","月石","月石"
"338","ソルロック","solrock","sonnfel","solaroc","솔록","太阳岩","太陽岩"
"339","ドジョッチ","barboach","schmerbe","barloche","미꾸리","泥泥鳅","泥泥鰍"
"340","ナマズン","whiscash","welsar","barbicha","메깅","鲶鱼王","鯰魚王"
"341","ヘイガニ","corphish","krebscorps","ecrapince","가재군","龙虾小兵","龍蝦小兵"
"342","シザリガー","crawdaunt","krebutack","colhomard","가재장군","铁螯龙虾","鐵螯龍蝦"
"343","ヤジロン","baltoy","puppance","balbuto","오뚝군","天秤偶","天秤偶"
"344","ネンドール","claydol","lepumentas","kaorine","점토도리","念力土偶","念力土偶"
"345","リリーラ","lileep","liliep","lilia","릴링","触手百合","觸手百合"
"346","ユレイドル","cradily","wielie","vacilys","릴리요","摇篮百合","搖籃百合"
"347","アノプス","anorith","anorith","anorith","아노딥스","太古羽虫","太古羽蟲"
"348","アーマルド","armaldo","armaldo","armaldo","아말도","太古盔甲","太古盔甲"
"349","ヒンバス","feebas","barschwa","barpau","빈티나","丑丑鱼","醜醜魚"
"350","ミロカロス","milotic","milotic","milobellus","밀로틱","美纳斯","美納斯"
"351","ポワルン","castform","formeo","morpheo","캐스퐁","飘浮泡泡","飄浮泡泡"
"352","カクレオン","kecleon","kecleon","kecleon","켈리몬","变隐龙","變隱龍"
"353","カゲボウズ","shuppet","shuppet","polichombr","어둠대신","怨影娃娃","怨影娃娃"
"354","ジュペッタ","banette","banette","branette","다크펫","诅咒娃娃","詛咒娃娃"
"355","ヨマワル","duskull","zwirrlicht","skelenox","해골몽","夜巡灵","夜巡靈"
"356","サマヨール","dusclops","zwirrklop","teraclope","미라몽","彷徨夜灵","彷徨夜靈"
"357","トロピウス","tropius","tropius","tropius","트로피우스","热带龙","熱帶龍"
"358","チリーン","chimecho","palimpalim","eoko","치렁","风铃铃","風鈴鈴"
"359","アブソル","absol","absol","absol","앱솔","阿勃梭鲁","阿勃梭魯"
"360","ソーナノ","wynaut","isso","okeoke","마자","小果然","小果然"
"361","ユキワラシ","snorunt","schneppke","stalgamin","눈꼬마","雪童子","雪童子"
"362","オニゴーリ","glalie","firnontor","oniglali","얼음귀신","冰鬼护","冰鬼護"
"363","タマザラシ","spheal","seemops","obalie","대굴레오","海豹球","海豹球"
"364","トドグラー","sealeo","seejong","phogleur","씨레오","海魔狮","海魔獅"
"365","トドゼルガ","walrein","walraisa","kaimorse","씨카이저","帝牙海狮","帝牙海獅"
"366","パールル","clamperl","perlu","coquiperl","진주몽","珍珠贝","珍珠貝"
"367","ハンテール","huntail","aalabyss","serpang","헌테일","猎斑鱼","獵斑魚"
"368","サクラビス","gorebyss","saganabyss","rosabyss","분홍장이","樱花鱼","櫻花魚"
"369","ジーランス","relicanth","relicanth","relicanth","시라칸","古空棘鱼","古空棘魚"
"370","ラブカス","luvdisc","liebiskus","lovdisc","사랑동이","爱心鱼","愛心魚"
"371","タツベイ","bagon","kindwurm","draby","아공이","宝贝龙","寶貝龍"
"372","コモルー","shelgon","draschel","drackhaus","쉘곤","甲壳龙","甲殼龍"
"373","ボーマンダ","salamence","brutalanda","drattak","보만다","暴飞龙","暴飛龍"
"374","ダンバル","beldum","tanhel","terhal","메탕","铁哑铃","鐵啞鈴"
"375","メタング","metang","metang","metang","메탕구","金属怪","金屬怪"
"376","メタグロス","metagross","metagross","metalosse","메타그로스","巨金怪","巨金怪"
"377","レジロック","regirock","regirock","regirock","레지락","雷吉洛克","雷吉洛克"
"378","レジアイス","regice","regice","regice","레지아이스","雷吉艾斯","雷吉艾斯"
"379","レジスチル","registeel","registeel","registeel","레지스틸","雷吉斯奇鲁","雷吉斯奇魯"
"380","ラティアス","latias","latias","latias","라티아스","拉帝亚斯","拉帝亞斯"
"381","ラティオス","latios","latios","latios","라티오스","拉帝欧斯","拉帝歐斯"
"382","カイオーガ","kyogre","kyogre","kyogre","가이오가","盖欧卡","蓋歐卡"
"383","グラードン","groudon","groudon","groudon","그란돈","固拉多","固拉多"
"384","レックウザ","rayquaza","rayquaza","rayquaza","레쿠쟈","烈空坐","烈空坐"
"385","ジラーチ","jirachi","jirachi","jirachi","지라치","基拉祈","基拉祈"
"386","デオキシス","deoxys","deoxys","deoxys","테오키스","代欧奇希斯","代歐奇希斯"
"387","ナエトル","turtwig","chelast","tortipouss","모부기","草苗龟","草苗龜"
"388","ハヤシガメ","grotle","chelcarain","boskara","수풀부기","树林龟","樹林龜"
"389","ドダイトス","torterra","chelterrar","torterra","토대부기","土台龟","土台龜"
"390","ヒコザル","chimchar","panflam","ouisticram","불꽃숭이","小火焰猴","小火焰猴"
"391","モウカザル","monferno","panpyro","chimpenfeu","파이숭이","猛火猴","猛火猴"
"392","ゴウカザル","infernape","panferno","simiabraz","초염몽","烈焰猴","烈焰猴"
"393","ポッチャマ","piplup","plinfa","tiplouf","팽도리","波加曼","波加曼"
"394","ポッタイシ","prinplup","pliprin","prinplouf","팽태자","波皇子","波皇子"
"395","エンペルト","empoleon","impoleon","pingoleon","엠페르트","帝王拿波","帝王拿波"
"396","ムックル","starly","staralili","etourmi","찌르꼬","姆克儿","姆克兒"
"397","ムクバード","staravia","staravia","etourvol","찌르버드","姆克鸟","姆克鳥"
"398","ムクホーク","staraptor","staraptor","etouraptor","찌르호크","姆克鹰","姆克鷹"
"399","ビッパ","bidoof","bidiza","keunotor","비버니","大牙狸","大牙狸"
"400","ビーダル","bibarel","bidifas","castorno","비버통","大尾狸","大尾狸"
"401","コロボーシ","kricketot","zirpurze","crikzik","귀뚤뚜기","圆法师","圓法師"
"402","コロトック","kricketune","zirpeise","melokrik","귀뚤톡크","音箱蟀","音箱蟀"
"403","コリンク","shinx","sheinux","lixy","꼬링크","小猫怪","小貓怪"
"404","ルクシオ","luxio","luxio","luxio","럭시오","勒克猫","勒克貓"
"405","レントラー","luxray","luxtra","luxray","렌트라","伦琴猫","倫琴貓"
"406","スボミー","budew","knospi","rozbouton","꼬몽울","含羞苞","含羞苞"
"407","ロズレイド","roserade","roserade","roserade","로즈레이드","罗丝雷朵","羅絲雷朵"
"408","ズガイドス","cranidos","koknodon","kranidos","두개도스","头盖龙","頭蓋龍"
"409","ラムパルド","rampardos","rameidon","charkos","램펄드","战槌龙","戰槌龍"
"410","タテトプス","shieldon","schilterus","dinoclier","방패톱스","盾甲龙","盾甲龍"
"411","トリデプス","bastiodon","bollterus","bastiodon","바리톱스","护城龙","護城龍"
"412","ミノムッチ","burmy","burmy","cheniti","도롱충이","结草儿","結草兒"
"413","ミノマダム","wormadam","burmadame","cheniselle","도롱마담","结草贵妇","結草貴婦"
"414","ガーメイル","mothim","moterpel","papilord","나메일","绅士蛾","紳士蛾"
"415","ミツハニー","combee","wadribie","apitrini","세꿀버리","三蜜蜂","三蜜蜂"
"416","ビークイン","vespiquen","honweisel","apireine","비퀸","蜂女王","蜂女王"
"417","パチリス","pachirisu","pachirisu","pachirisu","파치리스","帕奇利兹","帕奇利茲"
"418","ブイゼル","buizel","bamelin","mustebouee","브이젤","泳圈鼬","泳圈鼬"
"419","フローゼル","floatzel","bojelin","musteflott","플로젤","浮潜鼬","浮潛鼬"
"420","チェリンボ","cherubi","kikugi","ceribou","체리버","樱花宝","櫻花寶"
"421","チェリム","cherrim","kinoso","ceriflor","체리꼬","樱花儿","櫻花兒"
"422","カラナクシ","shellos","schalellos","sancoki","깝질무","无壳海兔","無殼海兔"
"423","トリトドン","gastrodon","gastrodon","tritosor","트리토돈","海兔兽","海兔獸"
"424","エテボース","ambipom","ambidiffel","capidextre","겟핸보숭","双尾怪手","雙尾怪手"
"425","フワンテ","drifloon","driftlon","baudrive","흔들풍손","飘飘球","飄飄球"
"426","フワライド","drifblim","drifzepeli","grodrive","둥실라이드","随风球","隨風球"
"427","ミミロル","buneary","haspiror","laporeille","이어롤","卷卷耳","捲捲耳"
"428","ミミロップ","lopunny","schlapor","lockpin","이어롭","长耳兔","長耳兔"
"429","ムウマージ","mismagius","traunmagil","magireve","무우마직","梦妖魔","夢妖魔"
"430","ドンカラス","honchkrow","kramshef","corboss","돈크로우","乌鸦头头","烏鴉頭頭"
"431","ニャルマー","glameow","charmian","chaglam","나옹마","魅力喵","魅力喵"
"432","ブニャット","purugly","shnurgarst","chaffreux","몬냥이","东施喵","東施喵"
"433","リーシャン","chingling","klingplim","korillon","랑딸랑","铃铛响","鈴鐺響"
"434","スカンプー","stunky","skunkapuh","moufouette","스컹뿡","臭鼬噗","臭鼬噗"
"435","スカタンク","skuntank","skuntank","moufflair","스컹탱크","坦克臭鼬","坦克臭鼬"
"436","ドーミラー","bronzor","bronzel","archeomire","동미러","铜镜怪","銅鏡怪"
"437","ドータクン","bronzong","bronzong","archeodong","동탁군","青铜钟","青銅鐘"
"438","ウソハチ","bonsly","mobai","manzai","꼬지지","盆才怪","盆才怪"
"439","マネネ","mime jr.","pantimimi","mime jr","흉내내","魔尼尼","魔尼尼"
"440","ピンプク","happiny","wonneira","ptiravi","핑복","小福蛋","小福蛋"
"441","ペラップ","chatot","plaudagei","pijako","페라페","聒噪鸟","聒噪鳥"
"442","ミカルゲ","spiritomb","kryppuk","spiritomb","화강돌","花岩怪","花岩怪"
"443","フカマル","gible","kaumalat","griknot","딥상어동","圆陆鲨","圓陸鯊"
"444","ガバイト","gabite","knarksel","carmache","한바이트","尖牙陆鲨","尖牙陸鯊"
"445","ガブリアス","garchomp","knakrack","carchacrok","한카리아스","烈咬陆鲨","烈咬陸鯊"
"446","ゴンベ","munchlax","mampfaxo","goinfrex","먹고자","小卡比兽","小卡比獸"
"447","リオル","riolu","riolu","riolu","리오르","利欧路","利歐路"
"448","ルカリオ","lucario","lucario","lucario","루카리오","路卡利欧","路卡利歐"
"449","ヒポポタス","hippopotas","hippopotas","hippopotas","히포포타스","沙河马","沙河馬"
"450","カバルドン","hippowdon","hippoterus","hippodocus","하마돈","河马兽","河馬獸"
"451","スコルピ","skorupi","pionskora","rapion","스콜피","钳尾蝎","鉗尾蠍"
"452","ドラピオン","drapion","piondragi","drascore","드래피온","龙王蝎","龍王蠍"
"453","グレッグル","croagunk","glibunkel","cradopaud","삐딱구리","不良蛙","不良蛙"
"454","ドクロッグ","toxicroak","toxiquak","coatox","독개굴","毒骷蛙","毒骷蛙"
"455","マスキッパ","carnivine","venuflibis","vortente","무스틈니","尖牙笼","尖牙籠"
"456","ケイコウオ","finneon","finneon","ecayon","형광어","荧光鱼","螢光魚"
"457","ネオラント","lumineon","lumineon","lumineon","네오라이트","霓虹鱼","霓虹魚"
"458","タマンタ","mantyke","mantirps","babimanta","타만타","小球飞鱼","小球飛魚"
"459","ユキカブリ","snover","shnebedeck","blizzi","눈쓰개","雪笠怪","雪笠怪"
"460","ユキノオー","abomasnow","rexblisar","blizzaroi","눈설왕","暴雪王","暴雪王"
"461","マニューラ","weavile","snibunna","dimoret","포푸니라","玛狃拉","瑪狃拉"
"462","ジバコイル","magnezone","magnezone","magnezone","자포코일","自爆磁怪","自爆磁怪"
"463","ベロベルト","lickilicky","schlurplek","coudlangue","내룸벨트","大舌舔","大舌舔"
"464","ドサイドン","rhyperior","rihornior","rhinastoc","거대코뿌리","超甲狂犀","超甲狂犀"
"465","モジャンボ","tangrowth","tangoloss","bouldeneu","덩쿠림보","巨蔓藤","巨蔓藤"
"466","エレキブル","electivire","elevoltek","elekable","에레키블","电击魔兽","電擊魔獸"
"467","ブーバーン","magmortar","magbrant","maganon","마그마번","鸭嘴炎兽","鴨嘴炎獸"
"468","トゲキッス","togekiss","togekiss","togekiss","토게키스","波克基斯","波克基斯"
"469","メガヤンマ","yanmega","yanmega","yanmega","메가자리","远古巨蜓","遠古巨蜓"
"470","リーフィア","leafeon","folipurba","phyllali","리피아","叶伊布","葉伊布"
"471","グレイシア","glaceon","glaziola","givrali","글레이시아","冰伊布","冰伊布"
"472","グライオン","gliscor","skorgro","scorvol","글라이온","天蝎王","天蠍王"
"473","マンムー","mamoswine","mamutel","mammochon","맘모꾸리","象牙猪","象牙豬"
"474","ポリゴンz","porygon-z","porygon-z","porygon-z","폴리곤z","多边兽乙型","多邊獸ｚ"
"475","エルレイド","gallade","galagladi","gallame","엘레이드","艾路雷朵","艾路雷朵"
"476","ダイノーズ","probopass","voluminas","tarinorme","대코파스","大朝北鼻","大朝北鼻"
"477","ヨノワール","dusknoir","zwirrfinst","noctunoir","야느와르몽","黑夜魔灵","黑夜魔靈"
"478","ユキメノコ","froslass","frosdedje","momartik","눈여아","雪妖女","雪妖女"
"479","ロトム","rotom","rotom","motisma","로토무","洛托姆","洛托姆"
"480","ユクシー","uxie","selfe","crehelf","유크시","由克希","由克希"
"481","エムリット","mesprit","vesprit","crefollet","엠라이트","艾姆利多","艾姆利多"
"482","アグノム","azelf","tobutz","crefadet","아그놈","亚克诺姆","亞克諾姆"
"483","ディアルガ","dialga","dialga","dialga","디아루가","帝牙卢卡","帝牙盧卡"
"484","パルキア","palkia","palkia","palkia","펄기아","帕路奇亚","帕路奇亞"
"485","ヒードラン","heatran","heatran","heatran","히드런","席多蓝恩","席多藍恩"
"486","レジギガス","regigigas","regigigas","regigigas","레지기가스","雷吉奇卡斯","雷吉奇卡斯"
"487","ギラティナ","giratina","giratina","giratina","기라티나","骑拉帝纳","騎拉帝納"
"488","クレセリア","cresselia","cresselia","cresselia","크레세리아","克雷色利亚","克雷色利亞"
"489","フィオネ","phione","phione","phione","피오네","霏欧纳","霏歐納"
"490","マナフィ","manaphy","manaphy","manaphy","마나피","玛纳霏","瑪納霏"
"491","ダークライ","darkrai","darkrai","darkrai","다크라이","达克莱伊","達克萊伊"
"492","シェイミ","shaymin","shaymin","shaymin","쉐이미","谢米","謝米"
"493","アルセウス","arceus","arceus","arceus","아르세우스","阿尔宙斯","阿爾宙斯"
"494","ビクティニ","victini","victini","victini","비크티니","比克提尼","比克提尼"
"495","ツタージャ","snivy","serpifeu","vipélierre","주리비얀","藤藤蛇","藤藤蛇"
"496","ジャノビー","servine","efoserp","lianaja","샤비","青藤蛇","青藤蛇"
"497","ジャローダ","serperior","serpiroyal","majaspic","샤로다","君主蛇","君主蛇"
"498","ポカブ","tepig","floink","gruikui","뚜꾸리","暖暖猪","暖暖豬"
"499","チャオブー","pignite","ferkokel","grotichon","챠오꿀","炒炒猪","炒炒豬"
"500","エンブオー","emboar","flambirex","roitiflam","염무왕","炎武王","炎武王"
"501","ミジュマル","oshawott","ottaro","moustillon","수댕이","水水獭","水水獺"
"502","フタチマル","dewott","zwottronin","mateloutre","쌍검자비","双刃丸","雙刃丸"
"503","ダイケンキ","samurott","admurai","clamiral","대검귀","大剑鬼","大劍鬼"
"504","ミネズミ","patrat","nagelotz","ratentif","보르쥐","探探鼠","探探鼠"
"505","ミルホッグ","watchog","kukmarda","miradar","보르그","步哨鼠","步哨鼠"
"506","ヨーテリー","lillipup","yorkleff","ponchiot","요테리","小约克","小約克"
"507","ハーデリア","herdier","terribark","ponchien","하데리어","哈约克","哈約克"
"508","ムーランド","stoutland","bissbark","mastouffe","바랜드","长毛狗","長毛狗"
"509","チョロネコ","purrloin","felilou","chacripan","쌔비냥","扒手猫","扒手貓"
"510","レパルダス","liepard","kleoparda","léopardas","레파르다스","酷豹","酷豹"
"511","ヤナップ","pansage","vegimak","feuillajou","야나프","花椰猴","花椰猴"
"512","ヤナッキー","simisage","vegichita","feuiloutan","야나키","花椰猿","花椰猿"
"513","バオップ","pansear","grillmak","flamajou","바오프","爆香猴","爆香猴"
"514","バオッキー","simisear","grillchita","flamoutan","바오키","爆香猿","爆香猿"
"515","ヒヤップ","panpour","sodamak","flotajou","앗차프","冷水猴","冷水猴"
"516","ヒヤッキー","simipour","sodachita","flotoutan","앗차키","冷水猿","冷水猿"
"517","ムンナ","munna","somniam","munna","몽나","食梦梦","食夢夢"
"518","ムシャーナ","musharna","somnivora","mushana","몽얌나","梦梦蚀","夢夢蝕"
"519","マメパト","pidove","dusselgurr","poichigeon","콩둘기","豆豆鸽","豆豆鴿"
"520","ハトーボー","tranquill","navitaub","colombeau","유토브","咕咕鸽","咕咕鴿"
"521","ケンホロウ","unfezant","fasasnob","déflaisan","켄호로우","高傲雉鸡","高傲雉雞"
"522","シママ","blitzle","elezeba","zébribon","줄뮤마","斑斑马","斑斑馬"
"523","ゼブライカ","zebstrika","zebritz","zéblitz","제브라이카","雷电斑马","雷電斑馬"
"524","ダンゴロ","roggenrola","kiesling","nodulithe","단굴","石丸子","石丸子"
"525","ガントル","boldore","sedimantur","géolithe","암트르","地幔岩","地幔岩"
"526","ギガイアス","gigalith","brockoloss","gigalithe","기가이어스","庞岩怪","龐岩怪"
"527","コロモリ","woobat","fleknoil","chovsourir","또르박쥐","滚滚蝙蝠","滾滾蝙蝠"
"528","ココロモリ","swoobat","fletiamo","rhinolove","맘박쥐","心蝙蝠","心蝙蝠"
"529","モグリュー","drilbur","rotomurf","rototaupe","두더류","螺钉地鼠","螺釘地鼠"
"530","ドリュウズ","excadrill","stalobor","minotaupe","몰드류","龙头地鼠","龍頭地鼠"
"531","タブンネ","audino","ohrdoch","nanméouïe","다부니","差不多娃娃","差不多娃娃"
"532","ドッコラー","timburr","praktibalk","charpenti","으랏차","搬运小匠","搬運小匠"
"533","ドテッコツ","gurdurr","strepoli","ouvrifier","토쇠골","铁骨土人","鐵骨土人"
"534","ローブシン","conkeldurr","meistagrif","bétochef","노보청","修建老匠","修建老匠"
"535","オタマロ","tympole","schallquap","tritonde","동챙이","圆蝌蚪","圓蝌蚪"
"536","ガマガル","palpitoad","mebrana","batracné","두까비","蓝蟾蜍","藍蟾蜍"
"537","ガマゲロゲ","seismitoad","branawarz","crapustule","두빅굴","蟾蜍王","蟾蜍王"
"538","ナゲキ","throh","jiutesto","judokrak","던지미","投摔鬼","投摔鬼"
"539","ダゲキ","sawk","karadonis","karaclée","타격귀","打击鬼","打擊鬼"
"540","クルミル","sewaddle","strawickl","larveyette","두르보","虫宝包","蟲寶包"
"541","クルマユ","swadloon","folikon","couverdure","두르쿤","宝包茧","寶包繭"
"542","ハハコモリ","leavanny","matrifol","manternel","모아머","保姆虫","保母蟲"
"543","フシデ","venipede","toxiped","venipatte","마디네","百足蜈蚣","百足蜈蚣"
"544","ホイーガ","whirlipede","rollum","scobolide","휠구","车轮球","車輪毬"
"545","ペンドラー","scolipede","cerapendra","brutapode","펜드라","蜈蚣王","蜈蚣王"
"546","モンメン","cottonee","waumboll","doudouvet","소미안","木棉球","木棉球"
"547","エルフーン","whimsicott","elfun","farfaduvet","엘풍","风妖精","風妖精"
"548","チュリネ","petilil","lilminip","chlorobule","치릴리","百合根娃娃","百合根娃娃"
"549","ドレディア","lilligant","dressella","fragilady","드레디어","裙儿小姐","裙兒小姐"
"550","バスラオ","basculin","barschuft","bargantua","배쓰나이","野蛮鲈鱼","野蠻鱸魚"
"551","メグロコ","sandile","ganovil","mascaïman","깜눈크","黑眼鳄","黑眼鱷"
"552","ワルビル","krokorok","rokkaiman","escroco","악비르","混混鳄","混混鱷"
"553","ワルビアル","krookodile","rabigator","crocorible","악비아르","流氓鳄","流氓鱷"
"554","ダルマッカ","darumaka","flampion","darumarond","달막화","火红不倒翁","火紅不倒翁"
"555","ヒヒダルマ","darmanitan","flampivian","darumacho","불비달마","达摩狒狒","達摩狒狒"
"556","マラカッチ","maractus","maracamba","maracachi","마라카치","沙铃仙人掌","沙鈴仙人掌"
"557","イシズマイ","dwebble","lithomith","crabicoque","돌살이","石居蟹","石居蟹"
"558","イワパレス","crustle","castellith","crabaraque","암팰리스","岩殿居蟹","岩殿居蟹"
"559","ズルッグ","scraggy","zurrokex","baggiguane","곤율랭","滑滑小子","滑滑小子"
"560","ズルズキン","scrafty","irokex","baggaïd","곤율거니","头巾混混","頭巾混混"
"561","シンボラー","sigilyph","symvolara","cryptéro","심보러","象征鸟","象徵鳥"
"562","デスマス","yamask","makabaja","tutafeh","데스마스","哭哭面具","哭哭面具"
"563","デスカーン","cofagrigus","echnatoll","tutankafer","데스니칸","迭失棺","死神棺"
"564","プロトーガ","tirtouga","galapaflos","carapagos","프로토가","原盖海龟","原蓋海龜"
"565","アバゴーラ","carracosta","karippas","mégapagos","늑골라","肋骨海龟","肋骨海龜"
"566","アーケン","archen","flapteryx","arkéapti","아켄","始祖小鸟","始祖小鳥"
"567","アーケオス","archeops","aeropteryx","aéroptéryx","아케오스","始祖大鸟","始祖大鳥"
"568","ヤブクロン","trubbish","unratütox","miamiasme","깨봉이","破破袋","破破袋"
"569","ダストダス","garbodor","deponitox","miasmax","더스트나","灰尘山","灰塵山"
"570","ゾロア","zorua","zorua","zorua","조로아","索罗亚","索羅亞"
"571","ゾロアーク","zoroark","zoroark","zoroark","조로아크","索罗亚克","索羅亞克"
"572","チラーミィ","minccino","picochilla","chinchidou","치라미","泡沫栗鼠","泡沫栗鼠"
"573","チラチーノ","cinccino","chillabell","pashmilla","치라치노","奇诺栗鼠","奇諾栗鼠"
"574","ゴチム","gothita","mollimorba","scrutella","고디탱","哥德宝宝","哥德寶寶"
"575","ゴチミル","gothorita","hypnomorba","mesmérella","고디보미","哥德小童","哥德小童"
"576","ゴチルゼル","gothitelle","morbitesse","sidérella","고디모아젤","哥德小姐","哥德小姐"
"577","ユニラン","solosis","monozyto","nucléos","유니란","单卵细胞球","單卵細胞球"
"578","ダブラン","duosion","mitodos","méios","듀란","双卵细胞球","雙卵細胞球"
"579","ランクルス","reuniclus","zytomega","symbios","란쿨루스","人造细胞卵","人造細胞卵"
"580","コアルヒー","ducklett","piccolente","couaneton","꼬지보리","鸭宝宝","鴨寶寶"
"581","スワンナ","swanna","swaroness","lakmécygne","스완나","舞天鹅","舞天鵝"
"582","バニプッチ","vanillite","gelatini","sorbébé","바닐프티","迷你冰","迷你冰"
"583","バニリッチ","vanillish","gelatroppo","sorboul","바닐리치","多多冰","多多冰"
"584","バイバニラ","vanilluxe","gelatwino","sorbouboul","배바닐라","双倍多多冰","雙倍多多冰"
"585","シキジカ","deerling","sesokitz","vivaldaim","사철록","四季鹿","四季鹿"
"586","メブキジカ","sawsbuck","kronjuwild","haydaim","바라철록","萌芽鹿","萌芽鹿"
"587","エモンガ","emolga","emolga","emolga","에몽가","电飞鼠","電飛鼠"
"588","カブルモ","karrablast","laukaps","carabing","딱정곤","盖盖虫","蓋蓋蟲"
"589","シュバルゴ","escavalier","cavalanzas","lançargot","슈바르고","骑士蜗牛","騎士蝸牛"
"590","タマゲタケ","foongus","tarnpignon","trompignon","깜놀버슬","哎呀球菇","哎呀球菇"
"591","モロバレル","amoonguss","hutsassa","gaulet","뽀록나","败露球菇","敗露球菇"
"592","プルリル","frillish","quabbel","viskuse","탱그릴","轻飘飘","輕飄飄"
"593","ブルンゲル","jellicent","apoquallyp","moyade","탱탱겔","胖嘟嘟","胖嘟嘟"
"594","ママンボウ","alomomola","mamolida","mamanbo","맘복치","保姆曼波","保母曼波"
"595","バチュル","joltik","wattzapf","statitik","피쪼옥","电电虫","電電蟲"
"596","デンチュラ","galvantula","voltula","mygavolt","전툴라","电蜘蛛","電蜘蛛"
"597","テッシード","ferroseed","kastadur","grindur","철시드","种子铁球","種子鐵球"
"598","ナットレイ","ferrothorn","tentantel","noacier","너트령","坚果哑铃","堅果啞鈴"
"599","ギアル","klink","klikk","tic","기어르","齿轮儿","齒輪兒"
"600","ギギアル","klang","kliklak","clic","기기어르","齿轮组","齒輪組"
"601","ギギギアル","klinklang","klikdiklak","cliticlic","기기기어르","齿轮怪","齒輪怪"
"602","シビシラス","tynamo","zapplardin","anchwatt","저리어","麻麻小鱼","麻麻小魚"
"603","シビビール","eelektrik","zapplalek","lampéroie","저리릴","麻麻鳗","麻麻鰻"
"604","シビルドン","eelektross","zapplarang","ohmassacre","저리더프","麻麻鳗鱼王","麻麻鰻魚王"
"605","リグレー","elgyem","pygraulon","lewsor","리그레","小灰怪","小灰怪"
"606","オーベム","beheeyem","megalon","neitram","벰크","大宇怪","大宇怪"
"607","ヒトモシ","litwick","lichtel","funécire","불켜미","烛光灵","燭光靈"
"608","ランプラー","lampent","laternecto","mélancolux","램프라","灯火幽灵","燈火幽靈"
"609","シャンデラ","chandelure","skelabra","lugulabre","샹델라","水晶灯火灵","水晶燈火靈"
"610","キバゴ","axew","milza","coupenotte","터검니","牙牙","牙牙"
"611","オノンド","fraxure","sharfax","incisache","액슨도","斧牙龙","斧牙龍"
"612","オノノクス","haxorus","maxax","tranchodon","액스라이즈","双斧战龙","雙斧戰龍"
"613","クマシュン","cubchoo","petznief","polarhume","코고미","喷嚏熊","噴嚏熊"
"614","ツンベアー","beartic","siberio","polagriffe","툰베어","冻原熊","凍原熊"
"615","フリージオ","cryogonal","frigometri","hexagel","프리지오","几何雪花","幾何雪花"
"616","チョボマキ","shelmet","schnuthelm","escargaume","쪼마리","小嘴蜗","小嘴蝸"
"617","アギルダー","accelgor","hydragil","limaspeed","어지리더","敏捷虫","敏捷蟲"
"618","マッギョ","stunfisk","flunschlik","limonde","메더","泥巴鱼","泥巴魚"
"619","コジョフー","mienfoo","lin-fu","kungfouine","비조푸","功夫鼬","功夫鼬"
"620","コジョンド","mienshao","wie-shu","shaofouine","비조도","师父鼬","師父鼬"
"621","クリムガン","druddigon","shardrago","drakkarmin","크리만","赤面龙","赤面龍"
"622","ゴビット","golett","golbit","gringolem","골비람","泥偶小人","泥偶小人"
"623","ゴルーグ","golurk","golgantes","golemastoc","골루그","泥偶巨人","泥偶巨人"
"624","コマタナ","pawniard","gladiantri","scalpion","자망칼","驹刀小兵","駒刀小兵"
"625","キリキザン","bisharp","caesurio","scalproie","절각참","劈斩司令","劈斬司令"
"626","バッフロン","bouffalant","bisofank","frison","버프론","爆炸头水牛","爆炸頭水牛"
"627","ワシボン","rufflet","geronimatz","furaiglon","수리둥보","毛头小鹰","毛頭小鷹"
"628","ウォーグル","braviary","washakwil","gueriaigle","워글","勇士雄鹰","勇士雄鷹"
"629","バルチャイ","vullaby","skallyk","vostourno","벌차이","秃鹰丫头","禿鷹丫頭"
"630","バルジーナ","mandibuzz","grypheldis","vaututrice","버랜지나","秃鹰娜","禿鷹娜"
"631","クイタラン","heatmor","furnifraß","aflamanoir","앤티골","熔蚁兽","熔蟻獸"
"632","アイアント","durant","fermicula","fermite","아이앤트","铁蚁","鐵蟻"
"633","モノズ","deino","kapuno","solochi","모노두","单首龙","單首龍"
"634","ジヘッド","zweilous","duodino","diamat","디헤드","双首暴龙","雙首暴龍"
"635","サザンドラ","hydreigon","trikephalo","trioxhydre","삼삼드래","三首恶龙","三首惡龍"
"636","メラルバ","larvesta","ignivor","pyronille","활화르바","燃烧虫","燃燒蟲"
"637","ウルガモス","volcarona","ramoth","pyrax","불카모스","火神蛾","火神蛾"
"638","コバルオン","cobalion","kobalium","cobaltium","코바르온","勾帕路翁","勾帕路翁"
"639","テラキオン","terrakion","terrakium","terrakium","테라키온","代拉基翁","代拉基翁"
"640","ビリジオン","virizion","viridium","viridium","비리디온","毕力吉翁","畢力吉翁"
"641","トルネロス","tornadus","boreos","boréas","토네로스","龙卷云","龍捲雲"
"642","ボルトロス","thundurus","voltolos","fulguris","볼트로스","雷电云","雷電雲"
"643","レシラム","reshiram","reshiram","reshiram","레시라무","莱希拉姆","萊希拉姆"
"644","ゼクロム","zekrom","zekrom","zekrom","제크로무","捷克罗姆","捷克羅姆"
"645","ランドロス","landorus","demeteros","démétéros","랜드로스","土地云","土地雲"
"646","キュレム","kyurem","kyurem","kyurem","큐레무","酋雷姆","酋雷姆"
"647","ケルディオ","keldeo","keldeo","keldeo","케르디오","凯路迪欧","凱路迪歐"
"648","メロエッタ","meloetta","meloetta","meloetta","메로엣타","美洛耶塔","美洛耶塔"
"649","ゲノセクト","genesect","genesect","genesect","게노세크트","盖诺赛克特","蓋諾賽克特"
"650","ハリマロン","chespin","igamaro","marisson","도치마론","哈力栗","哈力栗"
"651","ハリボーグ","quilladin","igastarnish","boguérisse","도치보구","胖胖哈力","胖胖哈力"
"652","ブリガロン","chesnaught","brigaron","blindépique","브리가론","布里卡隆","布里卡隆"
"653","フォッコ","fennekin","fynx","feunnec","푸호꼬","火狐狸","火狐狸"
"654","テールナー","braixen","rutena","roussil","테르나","长尾火狐","長尾火狐"
"655","マフォクシー","delphox","fennexis","goupelin","마폭시","妖火红狐","妖火紅狐"
"656","ケロマツ","froakie","froxy","grenousse","개구마르","呱呱泡蛙","呱呱泡蛙"
"657","ゲコガシラ","frogadier","amphizel","croâporal","개굴반장","呱头蛙","呱頭蛙"
"658","ゲッコウガ","greninja","quajutsu","amphinobi","개굴닌자","甲贺忍蛙","甲賀忍蛙"
"659","ホルビー","bunnelby","sapereau","sapereau","파르빗","掘掘兔","掘掘兔"
"660","ホルード","diggersby","grebbit","excavarenne","파르토","掘地兔","掘地兔"
"661","ヤヤコマ","fletchling","dartiri","passerouge","화살꼬빈","小箭雀","小箭雀"
"662","ヒノヤコマ","fletchinder","dartignis","braisillon","불화살빈","火箭雀","火箭雀"
"663","ファイアロー","talonflame","fiaro","flambusard","파이어로","烈箭鹰","烈箭鷹"
"664","コフキムシ","scatterbug","purmel","lépidonille","분이벌레","粉蝶虫","粉蝶蟲"
"665","コフーライ","spewpa","puponcho","pérégrain","분떠도리","粉蝶蛹","粉蝶蛹"
"666","ビビヨン","vivillon","vivillon","prismillon","비비용","彩粉蝶","彩粉蝶"
"667","シシコ","litleo","leufeo","hélionceau","레오꼬","小狮狮","小獅獅"
"668","カエンジシ","pyroar","pyroleo","némélios","화염레오","火炎狮","火炎獅"
"669","フラベベ","flabébé","flabébé","flabébé","플라베베","花蓓蓓","花蓓蓓"
"670","フラエッテ","floette","floette","floette","플라엣테","花叶蒂","花葉蒂"
"671","フラージェス","florges","florges","florges","플라제스","花洁夫人","花潔夫人"
"672","メェークル","skiddo","mähikel","cabriolaine","메이클","坐骑小羊","坐騎小羊"
"673","ゴーゴート","gogoat","chevrumm","chevroum","고고트","坐骑山羊","坐騎山羊"
"674","ヤンチャム","pancham","pam-pam","pandespiègle","판짱","顽皮熊猫","頑皮熊貓"
"675","ゴロンダ","pangoro","pandagro","pandarbare","부란다","霸道熊猫","流氓熊貓"
"676","トリミアン","furfrou","coiffwaff","couafarel","트리미앙","多丽米亚","多麗米亞"
"677","ニャスパー","espurr","psiau","psystigri","냐스퍼","妙喵","妙喵"
"678","ニャオニクス","meowstic","psiaugon","mistigrix","냐오닉스","超能妙喵","超能妙喵"
"679","ヒトツキ","honedge","gramokles","monorpale","단칼빙","独剑鞘","獨劍鞘"
"680","ニダンギル","doublade","duokles","dimoclès","쌍검킬","双剑鞘","雙劍鞘"
"681","ギルガルド","aegislash","durengard","exagide","킬가르도","坚盾剑怪","堅盾劍怪"
"682","シュシュプ","spritzee","parfi","fluvetin","슈쁘","粉香香","粉香香"
"683","フレフワン","aromatisse","parfinesse","cocotine","프레프티르","芳香精","芳香精"
"684","ペロッパフ","swirlix","flauschling","sucroquin","나룸퍼프","绵绵泡芙","綿綿泡芙"
"685","ペロリーム","slurpuff","sabbaione","cupcanaille","나루림","胖甜妮","胖甜妮"
"686","マーイーカ","inkay","iscalar","sepiatop","오케이징","好啦鱿","好啦魷"
"687","カラマネロ","malamar","calamanero","sepiatroce","칼라마네로","乌贼王","烏賊王"
"688","カメテテ","binacle","bithora","opermine","거북손손","龟脚脚","龜腳腳"
"689","ガメノデス","barbaracle","thanathora","golgopathe","거북손데스","龟足巨铠","龜足巨鎧"
"690","クズモー","skrelp","algitt","venalgue","수레기","垃垃藻","垃垃藻"
"691","ドラミドロ","dragalge","tandrak","kravarech","드래캄","毒藻龙","毒藻龍"
"692","ウデッポウ","clauncher","scampisto","flingouste","완철포","铁臂枪虾","鐵臂槍蝦"
"693","ブロスター","clawitzer","wummer","gamblast","블로스터","钢炮臂虾","鋼炮臂蝦"
"694","エリキテル","helioptile","eguana","galvaran","목도리키텔","伞电蜥","傘電蜥"
"695","エレザード","heliolisk","elezard","iguolta","일레도리자드","光电伞蜥","光電傘蜥"
"696","チゴラス","tyrunt","balgoras","ptyranidur","티고라스","宝宝暴龙","寶寶暴龍"
"697","ガチゴラス","tyrantrum","monargoras","rexillius","견고라스","怪颚龙","怪顎龍"
"698","アマルス","amaura","amarino","amagara","아마루스","冰雪龙","冰雪龍"
"699","アマルルガ","aurorus","amagarga","dragmara","아마루르가","冰雪巨龙","冰雪巨龍"
"700","ニンフィア","sylveon","feelinara","nymphali","님피아","仙子伊布","仙子伊布"
"701","ルチャブル","hawlucha","resladero","brutalibré","루차불","摔角鹰人","摔角鷹人"
"702","デデンネ","dedenne","dedenne","dedenne","데덴네","咚咚鼠","咚咚鼠"
"703","メレシー","carbink","rocara","strassie","멜리시","小碎钻","小碎鑽"
"704","ヌメラ","goomy","viscora","mucuscule","미끄메라","黏黏宝","黏黏寶"
"705","ヌメイル","sliggoo","viscargot","colimucus","미끄네일","黏美儿","黏美兒"
"706","ヌメルゴン","goodra","viscogon","muplodocus","미끄래곤","黏美龙","黏美龍"
"707","クレッフィ","klefki","clavion","trousselin","클레피","钥圈儿","鑰圈兒"
"708","ボクレー","phantump","paragoni","brocélôme","나목령","小木灵","小木靈"
"709","オーロット","trevenant","trombork","desséliande","대로트","朽木妖","朽木妖"
"710","バケッチャ","pumpkaboo","irrbis","pitrouille","호바귀","南瓜精","南瓜精"
"711","パンプジン","gourgeist","pumpdjinn","banshitrouye","펌킨인","南瓜怪人","南瓜怪人"
"712","カチコール","bergmite","arktip","grelaçon","꽁어름","冰宝","冰寶"
"713","クレベース","avalugg","arktilas","séracrawl","크레베이스","冰岩怪","冰岩怪"
"714","オンバット","noibat","ef-em","sonistrelle","음뱃","嗡蝠","嗡蝠"
"715","オンバーン","noivern","uhafnir","bruyverne","음번","音波龙","音波龍"
"716","ゼルネアス","xerneas","xerneas","xerneas","제르네아스","哲尔尼亚斯","哲爾尼亞斯"
"717","イベルタル","yveltal","yveltal","yveltal","이벨타르","伊裴尔塔尔","伊裴爾塔爾"
"718","ジガルデ","zygarde","zygarde","zygarde","지가르데","基格尔德","基格爾德"
"719","ディアンシー","diancie","diancie","diancie","디안시","蒂安希","蒂安希"
"720","フーパ","hoopa","hoopa","hoopa","후파","胡帕","胡帕"
"721","ボルケニオン","volcanion","volcanion","volcanion","볼케니온","波尔凯尼恩","波爾凱尼恩"
"722","モクロー","rowlet","bauz","brindibou","나몰빼미","木木枭","木木梟"
"723","フクスロー","dartrix","arboretoss","efflèche","빼미스로우","投羽枭","投羽梟"
"724","ジュナイパー","decidueye","silvarro","archéduc","모크나이퍼","狙射树枭","狙射樹梟"
"725","ニャビー","litten","flamiau","flamiaou","냐오불","火斑喵","火斑喵"
"726","ニャヒート","torracat","miezunder","matoufeu","냐오히트","炎热喵","炎熱喵"
"727","ガオガエン","incineroar","fuegro","félinferno","어흥염","炽焰咆哮虎","熾焰咆哮虎"
"728","アシマリ","popplio","robball","otaquin","누리공","球球海狮","球球海獅"
"729","オシャマリ","brionne","marikeck","otarlette","키요공","花漾海狮","花漾海獅"
"730","アシレーヌ","primarina","primarene","oratoria","누리레느","西狮海壬","西獅海壬"
"731","ツツケラ","pikipek","peppeck","picassaut","콕코구리","小笃儿","小篤兒"
"732","ケララッパ","trumbeak","trompeck","piclairon","크라파","喇叭啄鸟","喇叭啄鳥"
"733","ドデカバシ","toucannon","tukanon","bazoucan","왕큰부리","铳嘴大鸟","銃嘴大鳥"
"734","ヤングース","yungoos","mangunior","manglouton","영구스","猫鼬少","貓鼬少"
"735","デカグース","gumshoos","manguspektor","argouste","형사구스","猫鼬探长","貓鼬探長"
"736","アゴジムシ","grubbin","mabula","larvibule","턱지충이","强颚鸡母虫","強顎雞母蟲"
"737","デンヂムシ","charjabug","akkup","chrysapile","전지충이","虫电宝","蟲電寶"
"738","クワガノン","vikavolt","donarion","lucanon","투구뿌논","锹农炮虫","鍬農炮蟲"
"739","マケンカニ","crabrawler","krabbox","crabagarre","오기지게","好胜蟹","好勝蟹"
"740","ケケンカニ","crabominable","krawell","crabominable","모단단게","好胜毛蟹","好勝毛蟹"
"741","オドリドリ","oricorio","choreogel","plumeline","춤추새","花舞鸟","花舞鳥"
"742","アブリー","cutiefly","wommel","bombydou","에블리","萌虻","萌虻"
"743","アブリボン","ribombee","bandelby","rubombelle","에리본","蝶结萌虻","蝶結萌虻"
"744","イワンコ","rockruff","wuffels","rocabot","암멍이","岩狗狗","岩狗狗"
"745","ルガルガン","lycanroc","wolwerock","lougaroc","루가루암","鬃岩狼人","鬃岩狼人"
"746","ヨワシ","wishiwashi","lusardin","froussardine","약어리","弱丁鱼","弱丁魚"
"747","ヒドイデ","mareanie","garstella","vorastérie","시마사리","好坏星","好壞星"
"748","ドヒドイデ","toxapex","aggrostella","prédastérie","더시마사리","超坏星","超壞星"
"749","ドロバンコ","mudbray","pampuli","tiboudet","머드나기","泥驴仔","泥驢仔"
"750","バンバドロ","mudsdale","pampross","bourrinos","만마드","重泥挽马","重泥挽馬"
"751","シズクモ","dewpider","araqua","araqua","물거미","滴蛛","滴蛛"
"752","オニシズクモ","araquanid","aranestro","tarenbulle","깨비물거미","滴蛛霸","滴蛛霸"
"753","カリキリ","fomantis","imantis","mimantis","짜랑랑","伪螳草","偽螳草"
"754","ラランテス","lurantis","mantidea","floramantis","라란티스","兰螳花","蘭螳花"
"755","ネマシュ","morelull","bubungus","spododo","자마슈","睡睡菇","睡睡菇"
"756","マシェード","shiinotic","lamellux","lampignon","마셰이드","灯罩夜菇","燈罩夜菇"
"757","ヤトウモリ","salandit","molunk","tritox","야도뇽","夜盗火蜥","夜盜火蜥"
"758","エンニュート","salazzle","amfira","malamandre","염뉴트","焰后蜥","焰后蜥"
"759","ヌイコグマ","stufful","velursi","nounourson","포곰곰","童偶熊","童偶熊"
"760","キテルグマ","bewear","kosturso","chelours","이븐곰","穿着熊","穿著熊"
"761","アマカジ","bounsweet","frubberl","croquine","달콤아","甜竹竹","甜竹竹"
"762","アママイコ","steenee","frubaila","candine","달무리나","甜舞妮","甜舞妮"
"763","アマージョ","tsareena","fruyal","sucreine","달코퀸","甜冷美后","甜冷美后"
"764","キュワワー","comfey","curelei","guérilande","큐아링","花疗环环","花療環環"
"765","ヤレユータン","oranguru","kommandutan","gouroutan","하랑우탄","智挥猩","智揮猩"
"766","ナゲツケサル","passimian","quartermak","quartermac","내던숭이","投掷猴","投擲猴"
"767","コソクムシ","wimpod","reißlaus","sovkipou","꼬시레","胆小虫","膽小蟲"
"768","グソクムシャ","golisopod","tectass","sarmuraï","갑주무사","具甲武者","具甲武者"
"769","スナバァ","sandygast","sankabuh","bacabouh","모래꿍","沙丘娃","沙丘娃"
"770","シロデスナ","palossand","colossand","trépassable","모래성이당","噬沙堡爷","噬沙堡爺"
"771","ナマコブシ","pyukumuku","gufa","concombaffe","해무기","拳海参","拳海參"
"772","タイプ:ヌル","type-null","typ:null","type:0","타입:널","属性：空","屬性：空"
"773","シルヴァディ","silvally","amigento","silvallié","실버디","银伴战兽","銀伴戰獸"
"774","メテノ","minior","meteno","météno","메테노","小陨星","小隕星"
"775","ネッコアラ","komala","koalelu","dodoala","자말라","树枕尾熊","樹枕尾熊"
"776","バクガメス","turtonator","tortunator","boumata","폭거북스","爆焰龟兽","爆焰龜獸"
"777","トゲデマル","togedemaru","togedemaru","togedemaru","토게데마루","托戈德玛尔","托戈德瑪爾"
"778","ミミッキュ","mimikyu","mimigma","mimiqui","따라큐","谜拟丘","謎擬ｑ"
"779","ハギギシリ","bruxish","knirfish","denticrisse","치갈기","磨牙彩皮鱼","磨牙彩皮魚"
"780","ジジーロン","drampa","sen-long","draïeul","할비롱","老翁龙","老翁龍"
"781","ダダリン","dhelmise","moruda","sinistrail","타타륜","破破舵轮","破破舵輪"
"782","ジャラコ","jangmo-o","miniras","bébécaille","짜랑꼬","心鳞宝","心鱗寶"
"783","ジャランゴ","hakamo-o","mediras","écaïd","짜랑고우","鳞甲龙","鱗甲龍"
"784","ジャラランガ","kommo-o","grandiras","ékaïser","짜랑고우거","杖尾鳞甲龙","杖尾鱗甲龍"
"785","カプ・コケコ","tapu koko","kapu-riki","tokorico","카푸꼬꼬꼭","卡璞・鸣鸣","卡璞・鳴鳴"
"786","カプ・テテフ","tapu lele","kapu-fala","tokopiyon","카푸나비나","卡璞・蝶蝶","卡璞・蝶蝶"
"787","カプ・ブルル","tapu bulu","kapu-toro","tokotoro","카푸브루루","卡璞・哞哞","卡璞・哞哞"
"788","カプ・レヒレ","tapu fini","kapu-kime","tokopisco","카푸느지느","卡璞・鳍鳍","卡璞・鰭鰭"
"789","コスモッグ","cosmog","cosmog","cosmog","코스모그","科斯莫古","科斯莫古"
"790","コスモウム","cosmoem","cosmovum","cosmovum","코스모움","科斯莫姆","科斯莫姆"
"791","ソルガレオ","solgaleo","solgaleo","solgaleo","솔가레오","索尔迦雷欧","索爾迦雷歐"
"792","ルナアーラ","lunala","lunala","lunala","루나아라","露奈雅拉","露奈雅拉"
"793","ウツロイド","nihilego","anego","zéroïd","텅비드","虚吾伊德","虛吾伊德"
"794","マッシブーン","buzzwole","masskito","mouscoto","매시붕","爆肌蚊","爆肌蚊"
"795","フェローチェ","pheromosa","schabelle","cancrelove","페로코체","费洛美螂","費洛美螂"
"796","デンジュモク","xurkitree","voltriant","câblifère","전수목","电束木","電束木"
"797","テッカグヤ","celesteela","kaguron","bamboiselle","철화구야","铁火辉夜","鐵火輝夜"
"798","カミツルギ","kartana","katagami","katagami","종이신도","纸御剑","紙御劍"
"799","アクジキング","guzzlord","schlingking","engloutyran","악식킹","恶食大王","惡食大王"
"800","ネクロズマ","necrozma","necrozma","necrozma","네크로즈마","奈克洛兹玛","奈克洛茲瑪"
"801","マギアナ","magearna","magearna","magearna","마기아나","玛机雅娜","瑪機雅娜"
"802","マーシャドー","marshadow","marshadow","marshadow","마샤도","玛夏多","瑪夏多"
"803","ベベノム","poipole","venicro","vémini","베베놈","毒贝比","毒貝比"
"804","アーゴヨン","naganadel","agoyon","mandrillon","아고용","四颚针龙","四顎針龍"
"805","ツンデツンデ","stakataka","muramura","ama-ama","차곡차곡","垒磊石","壘磊石"
"806","ズガドーン","blacephalon","kopplosio","pierroteknik","두파팡","砰头小丑","砰頭小丑"
"807","ゼラオラ","zeraora","zeraora","zeraora","제라오라","捷拉奥拉","捷拉奧拉"
"808","メルタン","meltan","meltan","meltan","멜탄","美录坦","美錄坦"
"809","メルメタル","melmetal","melmetal","melmetal","멜메탈","美录梅塔","美錄梅塔"
"810","サルノリ","grookey","chimpep","ouistempo","흥나숭","敲音猴","敲音猴"
"811","バチンキー","thwackey","chimstix","badabouin","채키몽","啪咚猴","啪咚猴"
"812","ゴリランダー","rillaboom","gortrom","gorythmic","고릴타","轰擂金刚猩","轟擂金剛猩"
"813","ヒバニー","scorbunny","hopplo","flambino","염버니","炎兔儿","炎兔兒"
"814","ラビフット","raboot","kickerlo","lapyro","래비풋","腾蹴小将","騰蹴小將"
"815","エースバーン","cinderace","liberlo","pyrobut","에이스번","闪焰王牌","閃焰王牌"
"816","メッソン","sobble","memmeon","larméléon","울머기","泪眼蜥","淚眼蜥"
"817","ジメレオン","drizzile","phlegleon","arrozard","누겔레온","变涩蜥","變澀蜥"
"818","インテレオン","inteleon","intelleon","lézargus","인텔리레온","千面避役","千面避役"
"819","ホシガリス","skwovet","raffel","rongourmand","탐리스","贪心栗鼠","貪心栗鼠"
"820","ヨクバリス","greedent","schlaraffel","rongrigou","요씽리스","藏饱栗鼠","藏飽栗鼠"
"821","ココガラ","rookidee","meikro","minisange","파라꼬","稚山雀","稚山雀"
"822","アオガラス","corvisquire","kranoviz","bleuseille","파크로우","蓝鸦","藍鴉"
"823","アーマーガア","corviknight","krarmor","corvaillus","아머까오","钢铠鸦","鋼鎧鴉"
"824","サッチムシ","blipbug","sensect","larvadar","두루지벌레","索侦虫","索偵蟲"
"825","レドームシ","dottler","keradar","coléodôme","레돔벌레","天罩虫","天罩蟲"
"826","イオルブ","orbeetle","maritellit","astronelle","이올브","以欧路普","以歐路普"
"827","クスネ","nickit","kleptifux","goupilou","훔처우","狡小狐","偷兒狐"
"828","フォクスライ","thievul","gaunux","roublenard","폭슬라이","猾大狐","狐大盜"
"829","ヒメンカ","gossifleur","cottini","tournicoton","꼬모카","幼棉棉","幼棉棉"
"830","ワタシラガ","eldegoss","cottomi","blancoton","백솜모카","白蓬蓬","白蓬蓬"
"831","ウールー","wooloo","wolly","moumouton","우르","毛辫羊","毛辮羊"
"832","バイウールー","dubwool","zwollock","moumouflon","배우르","毛毛角羊","毛毛角羊"
"833","カムカメ","chewtle","kamehaps","khélocrok","깨물부기","咬咬龟","咬咬龜"
"834","カジリガメ","drednaw","kamalm","torgamord","갈가부기","暴噬龟","暴噬龜"
"835","ワンパチ","yamper","voldi","voltoutou","멍파치","来电汪","來電汪"
"836","パルスワン","boltund","bellektro","fulgudog","펄스멍","逐电犬","逐電犬"
"837","タンドン","rolycoly","klonkett","charbi","탄동","小炭仔","小炭仔"
"838","トロッゴン","carkol","wagong","wagomine","탄차곤","大炭车","大炭車"
"839","セキタンザン","coalossal","montecarbo","monthracite","석탄산","巨炭山","巨炭山"
"840","カジッチュ","applin","knapfel","verpom","과사삭벌레","啃果虫","啃果蟲"
"841","アップリュー","flapple","drapfel","pomdrapi","애프룡","苹裹龙","蘋裹龍"
"842","タルップル","appletun","schlapfel","dratatin","단지래플","丰蜜龙","豐蜜龍"
"843","スナヘビ","silicobra","salanga","dunaja","모래뱀","沙包蛇","沙包蛇"
"844","サダイジャ","sandaconda","sanaconda","dunaconda","사다이사","沙螺蟒","沙螺蟒"
"845","ウッウ","cramorant","urgl","nigosier","윽우지","古月鸟","古月鳥"
"846","サシカマス","arrokuda","pikuda","embrochet","찌로꼬치","刺梭鱼","刺梭魚"
"847","カマスジョー","barraskewda","barrakiefa","hastacuda","꼬치조","戽斗尖梭","戽斗尖梭"
"848","エレズン","toxel","toxel","toxizap","일레즌","电音婴","毒電嬰"
"849","ストリンダー","toxtricity","riffex","salarsen","스트린더","颤弦蝾螈","顫弦蠑螈"
"850","ヤクデ","sizzlipede","thermopod","grillepattes","태우지네","烧火蚣","燒火蚣"
"851","マルヤクデ","centiskorch","infernopod","scolocendre","다태우지네","焚焰蚣","焚焰蚣"
"852","タタッコ","clobbopus","klopptopus","poulpaf","때때무노","拳拳蛸","拳拳蛸"
"853","オトスパス","grapploct","kaocto","krakos","케오퍼스","八爪武师","八爪武師"
"854","ヤバチャ","sinistea","fatalitee","théffroi","데인차","来悲茶","來悲茶"
"855","ポットデス","polteageist","mortipot","polthégeist","포트데스","怖思壶","怖思壺"
"856","ミブリム","hatenna","brimova","bibichut","몸지브림","迷布莉姆","迷布莉姆"
"857","テブリム","hattrem","brimano","chapotus","손지브림","提布莉姆","提布莉姆"
"858","ブリムオン","hatterene","silembrim","sorcilence","브리무음","布莉姆温","布莉姆溫"
"859","ベロバー","impidimp","bähmon","grimalin","메롱꿍","捣蛋小妖","搗蛋小妖"
"860","ギモー","morgrem","pelzebub","fourbelin","쏘겨모","诈唬魔","詐唬魔"
"861","オーロンゲ","grimmsnarl","olangaar","angoliath","오롱털","长毛巨魔","長毛巨魔"
"862","タチフサグマ","obstagoon","barrikadax","ixon","가로막구리","堵拦熊","堵攔熊"
"863","ニャイキング","perrserker","mauzinger","berserkatt","나이킹","喵头目","喵頭目"
"864","サニゴーン","cursola","gorgasonn","corayôme","산호르곤","魔灵珊瑚","魔靈珊瑚"
"865","ネギガナイト","sirfetch'd","lauchzelot","palarticho","창파나이트","葱游兵","蔥遊兵"
"866","バリコオル","mr. rime","pantifrost","m. glaquette","마임꽁꽁","踏冰人偶","踏冰人偶"
"867","デスバーン","runerigus","oghnatoll","tutétékri","데스판","迭失板","死神板"
"868","マホミル","milcery","hokumil","crèmy","마빌크","小仙奶","小仙奶"
"869","マホイップ","alcremie","pokusan","charmilly","마휘핑","霜奶仙","霜奶仙"
"870","タイレーツ","falinks","legios","hexadron","대여르","列阵兵","列陣兵"
"871","バチンウニ","pincurchin","britzigel","wattapik","찌르성게","啪嚓海胆","啪嚓海膽"
"872","ユキハミ","snom","snomnom","frissonille","누니머기","雪吞虫","雪吞蟲"
"873","モスノウ","frosmoth","mottineva","beldeneige","모스노우","雪绒蛾","雪絨蛾"
"874","イシヘンジン","stonjourner","humanolith","dolman","돌헨진","巨石丁","巨石丁"
"875","コオリッポ","eiscue","kubuin","bekaglaçon","빙큐보","冰砌鹅","冰砌鵝"
"876","イエッサン","indeedee","servol","wimessir","에써르","爱管侍","愛管侍"
"877","モルペコ","morpeko","morpeko","morpeko","모르페코","莫鲁贝可","莫魯貝可"
"878","ゾウドウ","cufant","kupfanti","charibari","끼리동","铜象","銅象"
"879","ダイオウドウ","copperajah","patinaraja","pachyradjah","대왕끼리동","大王铜象","大王銅象"
"880","パッチラゴン","dracozolt","lectragon","galvagon","파치래곤","雷鸟龙","雷鳥龍"
"881","パッチルドン","arctozolt","lecryodon","galvagla","파치르돈","雷鸟海兽","雷鳥海獸"
"882","ウオノラゴン","dracovish","pescragon","hydragon","어래곤","鳃鱼龙","鰓魚龍"
"883","ウオチルドン","arctovish","pescryodon","hydragla","어치르돈","鳃鱼海兽","鰓魚海獸"
"884","ジュラルドン","duraludon","duraludon","duralugon","두랄루돈","铝钢龙","鋁鋼龍"
"885","ドラメシヤ","dreepy","grolldra","fantyrm","드라꼰","多龙梅西亚","多龍梅西亞"
"886","ドロンチ","drakloak","phandra","dispareptil","드래런치","多龙奇","多龍奇"
"887","ドラパルト","dragapult","katapuldra","lanssorien","드래펄트","多龙巴鲁托","多龍巴魯托"
"888","ザシアン","zacian","zacian","zacian","자시안","苍响","蒼響"
"889","ザマゼンタ","zamazenta","zamazenta","zamazenta","자마젠타","藏玛然特","藏瑪然特"
"890","ムゲンダイナ","eternatus","endynalos","éthernatos","무한다이노","无极汰那","無極汰那"
"891","ダクマ","kubfu","dakuma","wushours","치고마","熊徒弟","熊徒弟"
"892","ウーラオス","urshifu","wulaosu","shifours","우라오스","武道熊师","武道熊師"
"893","ザルード","zarude","zarude","zarude","자루도","萨戮德","薩戮德"
"894","レジエレキ","regieleki","regieleki","regieleki","레지에레키","雷吉艾勒奇","雷吉艾勒奇"
"895","レジドラゴ","regidrago","regidrago","regidrago","레지드래고","雷吉铎拉戈","雷吉鐸拉戈"
"896","ブリザポス","glastrier","polaross","blizzeval","블리자포스","雪暴马","雪暴馬"
"897","レイスポス","spectrier","phantoross","spectreval","레이스포스","灵幽马","靈幽馬"
"898","バドレックス","calyrex","coronospa","sylveroy","버드렉스","蕾冠王","蕾冠王"
"899","アヤシシ","wyrdeer","damythir","cerbyllin","신비록","诡角鹿","詭角鹿"
"900","バサギリ","kleavor","axantor","hachécateur","사마자르","劈斧螳螂","劈斧螳螂"
"901","ガチグマ","ursaluna","ursaluna","ursaking","다투곰","月月熊","月月熊"
"902","イダイトウ","basculegion","salmagnis","paragruel","대쓰여너","幽尾玄鱼","幽尾玄魚"
"903","オオニューラ","sneasler","snieboss","farfurex","포푸니크","大狃拉","大狃拉"
"904","ハリーマン","overqwil","myriador","qwilpik","장침바루","万针鱼","萬針魚"
"905","ラブトロス","enamorus","cupidos","amovénus","러브로스","眷恋云","眷戀雲"
"906","ニャオハ","sprigatito","felori","poussacha","나오하","新叶喵","新葉喵"
"907","ニャローテ","floragato","feliospa","matourgeon","나로테","蒂蕾喵","蒂蕾喵"
"908","マスカーニャ","meowscarada","maskagato","miascarade","마스카나","魔幻假面喵","魔幻假面喵"
"909","ホゲータ","fuecoco","krokel","chochodile","뜨아거","呆火鳄","呆火鱷"
"910","アチゲータ","crocalor","lokroko","crocogril","악뜨거","炙烫鳄","炙燙鱷"
"911","ラウドボーン","skeledirge","skelokrok","flâmigator","라우드본","骨纹惊声鳄","骨紋驚聲鱷"
"912","クワッス","quaxly","kwaks","coiffeton","꾸왁스","润水鸭","潤水鴨"
"913","ウェルカモ","quaxwell","fuentente","canarbello","아꾸왁","涌跃鸭","湧躍鴨"
"914","ウェーニバル","quaquaval","bailonda","palmaval","웨이니발","狂欢浪舞鸭","狂歡浪舞鴨"
"915","グルトン","lechonk","ferkuli","gourmelet","맛보돈","爱吃豚","愛吃豚"
"916","パフュートン","oinkologne","fragrunz","fragroin","퍼퓨돈","飘香豚","飄香豚"
"917","タマンチュラ","tarountula","tarundel","tissenboule","타랜툴라","团珠蛛","團珠蛛"
"918","ワナイダー","spidops","spinsidias","filentrappe","트래피더","操陷蛛","操陷蛛"
"919","マメバッタ","nymble","micrick","lilliterelle","콩알뚜기","豆蟋蟀","豆蟋蟀"
"920","エクスレッグ","lokix","lextremo","gambex","엑스레그","烈腿蝗","烈腿蝗"
"921","パモ","pawmi","pamo","pohm","빠모","布拨","布撥"
"922","パモット","pawmo","pamamo","pohmotte","빠모트","布土拨","布土撥"
"923","パーモット","pawmot","pamomamo","pohmarmotte","빠르모트","巴布土拨","巴布土撥"
"924","ワッカネズミ","tandemaus","zwieps","compagnol","두리쥐","一对鼠","一對鼠"
"925","イッカネズミ","maushold","famieps","famignol","파밀리쥐","一家鼠","一家鼠"
"926","パピモッチ","fidough","hefel","pâtachiot","쫀도기","狗仔包","狗仔包"
"927","バウッツェル","dachsbun","backel","briochien","바우첼","麻花犬","麻花犬"
"928","ミニーブ","smoliv","olini","olivini","미니브","迷你芙","迷你芙"
"929","オリーニョ","dolliv","olivinio","olivado","올리뇨","奥利纽","奧利紐"
"930","オリーヴァ","arboliva","olithena","arboliva","올리르바","奥利瓦","奧利瓦"
"931","イキリンコ","squawkabilly","krawalloro","tapatoès","시비꼬","怒鹦哥","怒鸚哥"
"932","コジオ","nacli","geosali","selutin","베베솔트","盐石宝","鹽石寶"
"933","ジオヅム","naclstack","sedisal","amassel","스태솔트","盐石垒","鹽石壘"
"934","キョジオーン","garganacl","saltigant","gigansel","콜로솔트","盐石巨灵","鹽石巨靈"
"935","カルボウ","charcadet","knarbon","charbambin","카르본","炭小侍","炭小侍"
"936","グレンアルマ","armarouge","crimanzo","carmadura","카디나르마","红莲铠骑","紅蓮鎧騎"
"937","ソウブレイズ","ceruledge","azugladis","malvalame","파라블레이즈","苍炎刃鬼","蒼炎刃鬼"
"938","ズピカ","tadbulb","blipp","têtampoule","빈나두","光蚪仔","光蚪仔"
"939","ハラバリー","bellibolt","wampitz","ampibidou","찌리배리","电肚蛙","電肚蛙"
"940","カイデン","wattrel","voltrel","zapétrel","찌리비","电海燕","電海燕"
"941","タイカイデン","kilowattrel","voltrean","fulgulairo","찌리비크","大电海燕","大電海燕"
"942","オラチフ","maschiff","mobtiff","grondogue","오라티프","偶叫獒","偶叫獒"
"943","マフィティフ","mabosstiff","mastifioso","dogrino","마피티프","獒教父","獒教父"
"944","シルシュルー","shroodle","sproxi","gribouraigne","땃쭈르","滋汁鼹","滋汁鼴"
"945","タギングル","grafaiai","affiti","tag-tag","태깅구르","涂标客","塗標客"
"946","アノクサ","bramblin","weherba","virovent","그푸리","纳噬草","納噬草"
"947","アノホラグサ","brambleghast","horrerba","virevorreur","공푸리","怖纳噬草","怖納噬草"
"948","ノノクラゲ","toedscool","tentagra","terracool","들눈해","原野水母","原野水母"
"949","リククラゲ","toedscruel","tenterra","terracruel","육파리","陆地水母","陸地水母"
"950","ガケガニ","klawf","klibbe","craparoi","절벼게","毛崖蟹","毛崖蟹"
"951","カプサイジ","capsakid","chilingel","pimito","캡싸이","热辣娃","熱辣娃"
"952","スコヴィラン","scovillain","halupenjo","scovilain","스코빌런","狠辣椒","狠辣椒"
"953","シガロコ","rellor","relluk","léboulérou","구르데","虫滚泥","蟲滾泥"
"954","ベラカス","rabsca","skarabaks","bérasca","베라카스","虫甲圣","蟲甲聖"
"955","ヒラヒナ","flittle","flattutu","flotillon","하느라기","飘飘雏","飄飄雛"
"956","クエスパトラ","espathra","psiopatra","cléopsytra","클레스퍼트라","超能艳鸵","超能豔鴕"
"957","カヌチャン","tinkatink","forgita","forgerette","어리짱","小锻匠","小鍛匠"
"958","ナカヌチャン","tinkatuff","tafforgita","forgella","벼리짱","巧锻匠","巧鍛匠"
"959","デカヌチャン","tinkaton","granforgita","forgelina","두드리짱","巨锻匠","巨鍛匠"
"960","ウミディグダ","wiglett","schligda","taupikeau","바다그다","海地鼠","海地鼠"
"961","ウミトリオ","wugtrio","schligdri","triopikeau","바닥트리오","三海地鼠","三海地鼠"
"962","オトシドリ","bombirdier","adebom","lestombaile","떨구새","下石鸟","下石鳥"
"963","ナミイルカ","finizen","normifin","dofin","맨돌핀","波普海豚","波普海豚"
"964","イルカマン","palafin","delfinator","superdofin","돌핀맨","海豚侠","海豚俠"
"965","ブロロン","varoom","knattox","vrombi","부르롱","噗隆隆","噗隆隆"
"966","ブロロローム","revavroom","knattatox","vrombotor","부르르룸","普隆隆姆","普隆隆姆"
"967","モトトカゲ","cyclizar","mopex","motorizard","모토마","摩托蜥","摩托蜥"
"968","ミミズズ","orthworm","schlurm","ferdeter","꿈트렁","拖拖蚓","拖拖蚓"
"969","キラーメ","glimmet","lumispross","germéclat","초롱순","晶光芽","晶光芽"
"970","キラフロル","glimmora","lumiflora","floréclat","킬라플로르","晶光花","晶光花"
"971","ボチ","greavard","gruff","toutombe","망망이","墓仔狗","墓仔狗"
"972","ハカドッグ","houndstone","friedwuff","tomberro","묘두기","墓扬犬","墓揚犬"
"973","カラミンゴ","flamigo","flaminkno","flamenroule","꼬이밍고","缠红鹤","纏紅鶴"
"974","アルクジラ","cetoddle","flaniwal","piétacé","터벅고래","走鲸","走鯨"
"975","ハルクジラ","cetitan","kolowal","balbalèze","우락고래","浩大鲸","浩大鯨"
"976","ミガルーサ","veluza","agiluza","délestin","가비루사","轻身鳕","輕身鱈"
"977","ヘイラッシャ","dondozo","heerashai","oyacata","어써러셔","吃吼霸","吃吼霸"
"978","シャリタツ","tatsugiri","nigiragi","nigirigon","싸리용","米立龙","米立龍"
"979","コノヨザル","annihilape","epitaff","courrousinge","저승갓숭","弃世猴","棄世猴"
"980","ドオー","clodsire","suelord","terraiste","토오","土王","土王"
"981","リキキリン","farigiraf","farigiraf","farigiraf","키키링","奇麒麟","奇麒麟"
"982","ノココッチ","dudunsparce","dummimisel","deusolourdo","노고고치","土龙节节","土龍節節"
"983","ドドゲザン","kingambit","gladimperio","scalpereur","대도각참","仆刀将军","仆斬將軍"
"984","イダイナキバ","great-tusk","riesenzahn","fort-ivoire","위대한엄니","雄伟牙","雄偉牙"
"985","サケブシッポ","scream-tail","brüllschweif","hurle-queue","우렁찬꼬리","吼叫尾","吼叫尾"
"986","アラブルタケ","brute-bonnet","wutpilz","fongus-furie","사나운버섯","猛恶菇","猛惡菇"
"987","ハバタクカミ","flutter-mane","flatterhaar","flotte-mèche","날개치는머리","振翼发","振翼髮"
"988","チヲハウハネ","slither-wing","kriechflügel","rampe-ailes","땅을기는날개","爬地翅","爬地翅"
"989","スナノケガワ","sandy-shocks","sandfell","pelage-sablé","모래털가죽","沙铁皮","沙鐵皮"
"990","テツノワダチ","iron-treads","eisenrad","roue-de-fer","무쇠바퀴","铁辙迹","鐵轍跡"
"991","テツノツツミ","iron-bundle","eisenbündel","hotte-de-fer","무쇠보따리","铁包袱","鐵包袱"
"992","テツノカイナ","iron-hands","eisenhand","paume-de-fer","무쇠손","铁臂膀","鐵臂膀"
"993","テツノコウベ","iron-jugulis","eisenhals","têtes-de-fer","무쇠머리","铁脖颈","鐵脖頸"
"994","テツノドクガ","iron-moth","eisenfalter","mite-de-fer","무쇠독나방","铁毒蛾","鐵毒蛾"
"995","テツノイバラ","iron-thorns","eisendorn","épine-de-fer","무쇠가시","铁荆棘","鐵荊棘"
"996","セビエ","frigibax","frospino","frigodo","드니차","凉脊龙","涼脊龍"
"997","セゴール","arctibax","cryospino","cryodo","드니꽁","冻脊龙","凍脊龍"
"998","セグレイブ","baxcalibur","espinodon","glaivodo","드닐레이브","戟脊龙","戟脊龍"
"999","コレクレー","gimmighoul","gierspenst","mordudor","모으령","索财灵","索財靈"
"1000","サーフゴー","gholdengo","monetigo","gromago","타부자고","赛富豪","賽富豪"
"1001","チオンジェン","wo-chien","chongjian","chongjian","총지엔","古简蜗","古簡蝸"
"1002","パオジアン","chien-pao","baojian","baojian","파오젠","古剑豹","古劍豹"
"1003","ディンルー","ting-lu","dinglu","dinglu","딩루","古鼎鹿","古鼎鹿"
"1004","イーユイ","chi-yu","yuyu","yuyu","위유이","古玉鱼","古玉魚"
"1005","トドロクツキ","roaring-moon","donnersichel","rugit-lune","고동치는달","轰鸣月","轟鳴月"
"1006","テツノブジン","iron-valiant","eisenkrieger","garde-de-fer","무쇠무인","铁武者","鐵武者"
"1007","コライドン","koraidon","koraidon","koraidon","코라이돈","故勒顿","故勒頓"
"1008","ミライドン","miraidon","miraidon","miraidon","미라이돈","密勒顿","密勒頓"
,"ウネルミナモ","walking-wake","windewoge","serpente-eau","굽이치는물결","波荡水","波盪水"
,"テツノイサハ","iron-leaves","eisenblatt","vert-de-fer","무쇠잎새","铁斑叶","鉄斑葉"
,"オーガポン","ogerpon","ogerpon","ogerpon","오거폰","厄鬼椪","厄鬼椪"
,"イイネイヌ","okidogi","boninu","félicanis","조타구","够赞狗","夠讚狗"
,"マシマシラ","munkidori","benesaru","fortusimia","이야후","愿增猿","願增猿"
,"キチキギス","fezandipiti","beatori","favianos","기로치","吉雉鸡","吉雉雞"
,"テラパゴス","terapagos","terapagos","terapagos","테라파고스","太乐巴戈斯","太樂巴戈斯"